Name,Country,Position,Price,M1,M2,M3,L32,L16,QF,SF,3RD,FIN
HARRY KANE,England,Forward,12.5,,,,,,,,,
KYLIAN MBAPPE,France,Forward,12.5,,,,,,,,,
LIONEL MESSI,Argentina,Forward,11,,,,,,,,,
ERLING HAALAND,Norway,Forward,10.5,,,,,,,,,
CRISTIANO RONALDO,Portugal,Forward,10,,,,,,,,,
LAMINE YAMAL,Spain,Midfielder,9.5,,,,,,,,,
LAUTARO MARTINEZ,Argentina,Forward,9.5,,,,,,,,,
VINICIUS JUNIOR,Brazil,Forward,9.5,,,,,,,,,
OUSMANE DEMBELE,France,Forward,9.5,,,,,,,,,
JULIAN ALVAREZ,Argentina,Forward,9,,,,,,,,,
ROMELU LUKAKU,Belgium,Forward,9,,,,,,,,,
RAPHINHA,Brazil,Forward,9,,,,,,,,,
MIKEL OYARZABAL,Spain,Forward,9,,,,,,,,,
BUKAYO SAKA,England,Midfielder,8.5,,,,,,,,,
MICHAEL OLISE,France,Midfielder,8.5,,,,,,,,,
FLORIAN WIRTZ,Germany,Midfielder,8.5,,,,,,,,,
BRUNO FERNANDES,Portugal,Midfielder,8.5,,,,,,,,,
KAI HAVERTZ,Germany,Forward,8.5,,,,,,,,,
CODY GAKPO,Netherlands,Forward,8.5,,,,,,,,,
MEMPHIS DEPAY,Netherlands,Forward,8.5,,,,,,,,,
JEREMY DOKU,Belgium,Midfielder,8,,,,,,,,,
JUDE BELLINGHAM,England,Midfielder,8,,,,,,,,,
JAMAL MUSIALA,Germany,Midfielder,8,,,,,,,,,
NICO WILLIAMS,Spain,Midfielder,8,,,,,,,,,
IGOR THIAGO,Brazil,Forward,8,,,,,,,,,
NEYMAR,Brazil,Forward,8,,,,,,,,,
ALEXANDER ISAK,Sweden,Forward,8,,,,,,,,,
VIKTOR GYOKERES,Sweden,Forward,8,,,,,,,,,
EMILIANO MARTINEZ,Argentina,Goalkeeper,7.5,,,,,,,,,
ALISSON,Brazil,Goalkeeper,7.5,,,,,,,,,
JORDAN PICKFORD,England,Goalkeeper,7.5,,,,,,,,,
MIKE MAIGNAN,France,Goalkeeper,7.5,,,,,,,,,
UNAI SIMON,Spain,Goalkeeper,7.5,,,,,,,,,
CRISTIAN ROMERO,Argentina,Defender,7.5,,,,,,,,,
GABRIEL MAGALHAES,Brazil,Defender,7.5,,,,,,,,,
MARQUINHOS,Brazil,Defender,7.5,,,,,,,,,
MARC GUEHI,England,Defender,7.5,,,,,,,,,
REECE JAMES,England,Defender,7.5,,,,,,,,,
DAYOT UPAMECANO,France,Defender,7.5,,,,,,,,,
WILLIAM SALIBA,France,Defender,7.5,,,,,,,,,
JOSHUA KIMMICH,Germany,Defender,7.5,,,,,,,,,
DENZEL DUMFRIES,Netherlands,Defender,7.5,,,,,,,,,
NUNO MENDES,Portugal,Defender,7.5,,,,,,,,,
MARC CUCURELLA,Spain,Defender,7.5,,,,,,,,,
KEVIN DE BRUYNE,Belgium,Midfielder,7.5,,,,,,,,,
LEANDRO TROSSARD,Belgium,Midfielder,7.5,,,,,,,,,
LUIS DIAZ,Colombia,Midfielder,7.5,,,,,,,,,
LEROY SANE,Germany,Midfielder,7.5,,,,,,,,,
MATHEUS CUNHA,Brazil,Forward,7.5,,,,,,,,,
MOHAMED SALAH,Egypt,Forward,7.5,,,,,,,,,
MARCUS RASHFORD,England,Forward,7.5,,,,,,,,,
NICK WOLTEMADE,Germany,Forward,7.5,,,,,,,,,
DARWIN NUNEZ,Uruguay,Forward,7.5,,,,,,,,,
EDERSON,Brazil,Goalkeeper,7,,,,,,,,,
OLIVER BAUMANN,Germany,Goalkeeper,7,,,,,,,,,
DIOGO COSTA,Portugal,Goalkeeper,7,,,,,,,,,
DAVID RAYA,Spain,Goalkeeper,7,,,,,,,,,
LISANDRO MARTINEZ,Argentina,Defender,7,,,,,,,,,
NAHUEL MOLINA,Argentina,Defender,7,,,,,,,,,
NICOLAS TAGLIAFICO,Argentina,Defender,7,,,,,,,,,
ALEX SANDRO,Brazil,Defender,7,,,,,,,,,
EZRI KONSA,England,Defender,7,,,,,,,,,
JOHN STONES,England,Defender,7,,,,,,,,,
IBRAHIMA KONATE,France,Defender,7,,,,,,,,,
JULES KOUNDE,France,Defender,7,,,,,,,,,
THEO HERNANDEZ,France,Defender,7,,,,,,,,,
DAVID RAUM,Germany,Defender,7,,,,,,,,,
JONATHAN TAH,Germany,Defender,7,,,,,,,,,
NICO SCHLOTTERBECK,Germany,Defender,7,,,,,,,,,
MICKY VAN DE VEN,Netherlands,Defender,7,,,,,,,,,
VIRGIL VAN DIJK,Netherlands,Defender,7,,,,,,,,,
JOAO CANCELO,Portugal,Defender,7,,,,,,,,,
RUBEN DIAS,Portugal,Defender,7,,,,,,,,,
AYMERIC LAPORTE,Spain,Defender,7,,,,,,,,,
ANTHONY GORDON,England,Midfielder,7,,,,,,,,,
MORGAN ROGERS,England,Midfielder,7,,,,,,,,,
BRADLEY BARCOLA,France,Midfielder,7,,,,,,,,,
TIJJANI REIJNDERS,Netherlands,Midfielder,7,,,,,,,,,
BERNARDO SILVA,Portugal,Midfielder,7,,,,,,,,,
SADIO MANE,Senegal,Midfielder,7,,,,,,,,,
DANI OLMO,Spain,Midfielder,7,,,,,,,,,
MIKEL MERINO,Spain,Midfielder,7,,,,,,,,,
ENDRICK,Brazil,Forward,7,,,,,,,,,
DESIRE DOUE,France,Forward,7,,,,,,,,,
DONYELL MALEN,Netherlands,Forward,7,,,,,,,,,
GONCALO RAMOS,Portugal,Forward,7,,,,,,,,,
JOAO FELIX,Portugal,Forward,7,,,,,,,,,
RAFAEL LEAO,Portugal,Forward,7,,,,,,,,,
SON HEUNG-MIN,South Korea,Forward,7,,,,,,,,,
ALVARO MORATA,Spain,Forward,7,,,,,,,,,
FERRAN TORRES,Spain,Forward,7,,,,,,,,,
GERONIMO RULLI,Argentina,Goalkeeper,6.5,,,,,,,,,
THIBAUT COURTOIS,Belgium,Goalkeeper,6.5,,,,,,,,,
WEVERTON,Brazil,Goalkeeper,6.5,,,,,,,,,
DEAN HENDERSON,England,Goalkeeper,6.5,,,,,,,,,
BRICE SAMBA,France,Goalkeeper,6.5,,,,,,,,,
ROBIN RISSER,France,Goalkeeper,6.5,,,,,,,,,
MARC-ANDRE TER STEGEN,Germany,Goalkeeper,6.5,,,,,,,,,
BART VERBRUGGEN,Netherlands,Goalkeeper,6.5,,,,,,,,,
NICOLAS OTAMENDI,Argentina,Defender,6.5,,,,,,,,,
ARTHUR THEATE,Belgium,Defender,6.5,,,,,,,,,
MAXIM DE CUYPER,Belgium,Defender,6.5,,,,,,,,,
ZENO DEBAST,Belgium,Defender,6.5,,,,,,,,,
DANILO,Brazil,Defender,6.5,,,,,,,,,
WESLEY FRANCA,Brazil,Defender,6.5,,,,,,,,,
HARRY MAGUIRE,England,Defender,6.5,,,,,,,,,
NICO O'REILLY,England,Defender,6.5,,,,,,,,,
TINO LIVRAMENTO,England,Defender,6.5,,,,,,,,,
LUCAS DIGNE,France,Defender,6.5,,,,,,,,,
ANTONIO RUDIGER,Germany,Defender,6.5,,,,,,,,,
JURRIEN TIMBER,Netherlands,Defender,6.5,,,,,,,,,
NATHAN AKE,Netherlands,Defender,6.5,,,,,,,,,
DIOGO DALOT,Portugal,Defender,6.5,,,,,,,,,
GONCALO INACIO,Portugal,Defender,6.5,,,,,,,,,
RENATO VEIGA,Portugal,Defender,6.5,,,,,,,,,
DEAN HUIJSEN,Spain,Defender,6.5,,,,,,,,,
MARCOS LLORENTE,Spain,Defender,6.5,,,,,,,,,
PAU CUBARSI,Spain,Defender,6.5,,,,,,,,,
PEDRO PORRO,Spain,Defender,6.5,,,,,,,,,
LUCAS PAQUETA,Brazil,Midfielder,6.5,,,,,,,,,
JAMES RODRIGUEZ,Colombia,Midfielder,6.5,,,,,,,,,
COLE PALMER,England,Midfielder,6.5,,,,,,,,,
NONI MADUEKE,England,Midfielder,6.5,,,,,,,,,
PHIL FODEN,England,Midfielder,6.5,,,,,,,,,
RAYAN CHERKI,France,Midfielder,6.5,,,,,,,,,
MARTIN ODEGAARD,Norway,Midfielder,6.5,,,,,,,,,
PEDRO NETO,Portugal,Midfielder,6.5,,,,,,,,,
FEDERICO VALVERDE,Uruguay,Midfielder,6.5,,,,,,,,,
GABRIEL MARTINELLI,Brazil,Forward,6.5,,,,,,,,,
LUIS SUAREZ,Colombia,Forward,6.5,,,,,,,,,
JARROD BOWEN,England,Forward,6.5,,,,,,,,,
OLLIE WATKINS,England,Forward,6.5,,,,,,,,,
JEAN-PHILIPPE MATETA,France,Forward,6.5,,,,,,,,,
MARCUS THURAM,France,Forward,6.5,,,,,,,,,
ALEXANDER SORLOTH,Norway,Forward,6.5,,,,,,,,,
FACUNDO CAMBESES,Argentina,Goalkeeper,6,,,,,,,,,
WALTER BENITEZ,Argentina,Goalkeeper,6,,,,,,,,,
AARON RAMSDALE,England,Goalkeeper,6,,,,,,,,,
JAMES TRAFFORD,England,Goalkeeper,6,,,,,,,,,
ALEXANDER NUBEL,Germany,Goalkeeper,6,,,,,,,,,
JONAS URBIG,Germany,Goalkeeper,6,,,,,,,,,
MARK FLEKKEN,Netherlands,Goalkeeper,6,,,,,,,,,
JOSE SA,Portugal,Goalkeeper,6,,,,,,,,,
ALEX REMIRO,Spain,Goalkeeper,6,,,,,,,,,
GONZALO MONTIEL,Argentina,Defender,6,,,,,,,,,
LEONARDO BALERDI,Argentina,Defender,6,,,,,,,,,
THOMAS MEUNIER,Belgium,Defender,6,,,,,,,,,
TIMOTHY CASTAGNE,Belgium,Defender,6,,,,,,,,,
DOUGLAS SANTOS,Brazil,Defender,6,,,,,,,,,
GLEISON BREMER,Brazil,Defender,6,,,,,,,,,
JOSKO GVARDIOL,Croatia,Defender,6,,,,,,,,,
DAN BURN,England,Defender,6,,,,,,,,,
LEWIS HALL,England,Defender,6,,,,,,,,,
TRENT ALEXANDER-ARNOLD,England,Defender,6,,,,,,,,,
LUCAS HERNANDEZ,France,Defender,6,,,,,,,,,
MALO GUSTO,France,Defender,6,,,,,,,,,
NATHANIEL BROWN,Germany,Defender,6,,,,,,,,,
WALDEMAR ANTON,Germany,Defender,6,,,,,,,,,
JAN PAUL VAN HECKE,Netherlands,Defender,6,,,,,,,,,
JEREMIE FRIMPONG,Netherlands,Defender,6,,,,,,,,,
STEFAN DE VRIJ,Netherlands,Defender,6,,,,,,,,,
JULIAN RYERSON,Norway,Defender,6,,,,,,,,,
ANTONIO SILVA,Portugal,Defender,6,,,,,,,,,
TOMAS ARAUJO,Portugal,Defender,6,,,,,,,,,
ALEX GRIMALDO,Spain,Defender,6,,,,,,,,,
ROBIN LE NORMAND,Spain,Defender,6,,,,,,,,,
MANUEL AKANJI,Switzerland,Defender,6,,,,,,,,,
RICARDO RODRIGUEZ,Switzerland,Defender,6,,,,,,,,,
JOSE MARIA GIMENEZ,Uruguay,Defender,6,,,,,,,,,
RIYAD MAHREZ,Algeria,Midfielder,6,,,,,,,,,
ALEXIS MAC ALLISTER,Argentina,Midfielder,6,,,,,,,,,
ENZO FERNANDEZ,Argentina,Midfielder,6,,,,,,,,,
YOURI TIELEMANS,Belgium,Midfielder,6,,,,,,,,,
CASEMIRO,Brazil,Midfielder,6,,,,,,,,,
IVAN PERISIC,Croatia,Midfielder,6,,,,,,,,,
LUKA MODRIC,Croatia,Midfielder,6,,,,,,,,,
DECLAN RICE,England,Midfielder,6,,,,,,,,,
EBERECHI EZE,England,Midfielder,6,,,,,,,,,
MAGHNES AKLIOUCHE,France,Midfielder,6,,,,,,,,,
LENNART KARL,Germany,Midfielder,6,,,,,,,,,
LEON GORETZKA,Germany,Midfielder,6,,,,,,,,,
ANTOINE SEMENYO,Ghana,Midfielder,6,,,,,,,,,
AMAD DIALLO,Ivory Coast,Midfielder,6,,,,,,,,,
BRAHIM DIAZ,Morocco,Midfielder,6,,,,,,,,,
FRENKIE DE JONG,Netherlands,Midfielder,6,,,,,,,,,
VITINHA,Portugal,Midfielder,6,,,,,,,,,
FABIAN RUIZ,Spain,Midfielder,6,,,,,,,,,
RODRI,Spain,Midfielder,6,,,,,,,,,
ANTHONY ELANGA,Sweden,Midfielder,6,,,,,,,,,
ARDA GULER,Turkey,Midfielder,6,,,,,,,,,
CHRISTIAN PULISIC,USA,Midfielder,6,,,,,,,,,
MARKO ARNAUTOVIC,Austria,Forward,6,,,,,,,,,
MATIAS FERNANDEZ-PARDO,Belgium,Forward,6,,,,,,,,,
EDIN DZEKO,Bosnia-Herzegovina,Forward,6,,,,,,,,,
RAYAN,Brazil,Forward,6,,,,,,,,,
JONATHAN DAVID,Canada,Forward,6,,,,,,,,,
JHON DURAN,Colombia,Forward,6,,,,,,,,,
ANDREJ KRAMARIC,Croatia,Forward,6,,,,,,,,,
PATRIK SCHICK,Czech Republic,Forward,6,,,,,,,,,
OMAR MARMOUSH,Egypt,Forward,6,,,,,,,,,
DOMINIC CALVERT-LEWIN,England,Forward,6,,,,,,,,,
DOMINIC SOLANKE,England,Forward,6,,,,,,,,,
DENIZ UNDAV,Germany,Forward,6,,,,,,,,,
RAUL JIMENEZ,Mexico,Forward,6,,,,,,,,,
JUSTIN KLUIVERT,Netherlands,Forward,6,,,,,,,,,
NICOLAS JACKSON,Senegal,Forward,6,,,,,,,,,
BREEL EMBOLO,Switzerland,Forward,6,,,,,,,,,
KENAN YILDIZ,Turkey,Forward,6,,,,,,,,,
ALEXANDER SCHLAGER,Austria,Goalkeeper,5.5,,,,,,,,,
MIKE PENDERS,Belgium,Goalkeeper,5.5,,,,,,,,,
SENNE LAMMENS,Belgium,Goalkeeper,5.5,,,,,,,,,
CAMILO VARGAS,Colombia,Goalkeeper,5.5,,,,,,,,,
DOMINIK LIVAKOVIC,Croatia,Goalkeeper,5.5,,,,,,,,,
KJELL SCHERPEN,Netherlands,Goalkeeper,5.5,,,,,,,,,
NICK OLIJ,Netherlands,Goalkeeper,5.5,,,,,,,,,
ROBIN ROEFS,Netherlands,Goalkeeper,5.5,,,,,,,,,
ORJAN NYLAND,Norway,Goalkeeper,5.5,,,,,,,,,
RICARDO VELHO,Portugal,Goalkeeper,5.5,,,,,,,,,
RUI SILVA,Portugal,Goalkeeper,5.5,,,,,,,,,
KRISTOFFER NORDFELDT,Sweden,Goalkeeper,5.5,,,,,,,,,
GREGOR KOBEL,Switzerland,Goalkeeper,5.5,,,,,,,,,
FERNANDO MUSLERA,Uruguay,Goalkeeper,5.5,,,,,,,,,
SERGIO ROCHET,Uruguay,Goalkeeper,5.5,,,,,,,,,
MARCOS ACUNA,Argentina,Defender,5.5,,,,,,,,,
MARCOS SENESI,Argentina,Defender,5.5,,,,,,,,,
VALENTIN BARCO,Argentina,Defender,5.5,,,,,,,,,
DAVID ALABA,Austria,Defender,5.5,,,,,,,,,
JOAQUIN SEYS,Belgium,Defender,5.5,,,,,,,,,
KONI DE WINTER,Belgium,Defender,5.5,,,,,,,,,
LEO PEREIRA,Brazil,Defender,5.5,,,,,,,,,
ROGER IBANEZ,Brazil,Defender,5.5,,,,,,,,,
ALPHONSO DAVIES,Canada,Defender,5.5,,,,,,,,,
DANIEL MUNOZ,Colombia,Defender,5.5,,,,,,,,,
DAVINSON SANCHEZ,Colombia,Defender,5.5,,,,,,,,,
JHON LUCUMI,Colombia,Defender,5.5,,,,,,,,,
JOHAN MOJICA,Colombia,Defender,5.5,,,,,,,,,
YERRY MINA,Colombia,Defender,5.5,,,,,,,,,
DUJE CALETA-CAR,Croatia,Defender,5.5,,,,,,,,,
JOSIP STANISIC,Croatia,Defender,5.5,,,,,,,,,
JOSIP SUTALO,Croatia,Defender,5.5,,,,,,,,,
LUKA VUSKOVIC,Croatia,Defender,5.5,,,,,,,,,
LADISLAV KREJCI,Czech Republic,Defender,5.5,,,,,,,,,
DJED SPENCE,England,Defender,5.5,,,,,,,,,
FIKAYO TOMORI,England,Defender,5.5,,,,,,,,,
JARELL QUANSAH,England,Defender,5.5,,,,,,,,,
TREVOH CHALOBAH,England,Defender,5.5,,,,,,,,,
MAXENCE LACROIX,France,Defender,5.5,,,,,,,,,
MALICK THIAW,Germany,Defender,5.5,,,,,,,,,
MAXIMILIAN MITTELSTADT,Germany,Defender,5.5,,,,,,,,,
ACHRAF HAKIMI,Morocco,Defender,5.5,,,,,,,,,
JORREL HATO,Netherlands,Defender,5.5,,,,,,,,,
LUTSHAREL GEERTRUIDA,Netherlands,Defender,5.5,,,,,,,,,
MATTHIJS DE LIGT,Netherlands,Defender,5.5,,,,,,,,,
DAVID MOLLER WOLFE,Norway,Defender,5.5,,,,,,,,,
KRISTOFFER AJER,Norway,Defender,5.5,,,,,,,,,
TORBJORN HEGGEM,Norway,Defender,5.5,,,,,,,,,
NELSON SEMEDO,Portugal,Defender,5.5,,,,,,,,,
NUNO TAVARES,Portugal,Defender,5.5,,,,,,,,,
ANDY ROBERTSON,Scotland,Defender,5.5,,,,,,,,,
DANI CARVAJAL,Spain,Defender,5.5,,,,,,,,,
ERIC GARCIA,Spain,Defender,5.5,,,,,,,,,
OSCAR MINGUEZA,Spain,Defender,5.5,,,,,,,,,
GABRIEL GUDMUNDSSON,Sweden,Defender,5.5,,,,,,,,,
GUSTAF LAGERBIELKE,Sweden,Defender,5.5,,,,,,,,,
VICTOR LINDELOF,Sweden,Defender,5.5,,,,,,,,,
NICO ELVEDI,Switzerland,Defender,5.5,,,,,,,,,
SILVAN WIDMER,Switzerland,Defender,5.5,,,,,,,,,
FERDI KADIOGLU,Turkey,Defender,5.5,,,,,,,,,
MERIH DEMIRAL,Turkey,Defender,5.5,,,,,,,,,
MATHIAS OLIVERA,Uruguay,Defender,5.5,,,,,,,,,
MATIAS VINA,Uruguay,Defender,5.5,,,,,,,,,
RONALD ARAUJO,Uruguay,Defender,5.5,,,,,,,,,
ANTONEE ROBINSON,USA,Defender,5.5,,,,,,,,,
GIULIANO SIMEONE,Argentina,Midfielder,5.5,,,,,,,,,
LEANDRO PAREDES,Argentina,Midfielder,5.5,,,,,,,,,
NICO PAZ,Argentina,Midfielder,5.5,,,,,,,,,
NICOLAS GONZALEZ,Argentina,Midfielder,5.5,,,,,,,,,
RODRIGO DE PAUL,Argentina,Midfielder,5.5,,,,,,,,,
THIAGO ALMADA,Argentina,Midfielder,5.5,,,,,,,,,
CHRISTOPH BAUMGARTNER,Austria,Midfielder,5.5,,,,,,,,,
MARCEL SABITZER,Austria,Midfielder,5.5,,,,,,,,,
ALEXIS SAELEMAEKERS,Belgium,Midfielder,5.5,,,,,,,,,
CHARLES DE KETELAERE,Belgium,Midfielder,5.5,,,,,,,,,
DODI LUKEBAKIO,Belgium,Midfielder,5.5,,,,,,,,,
BRUNO GUIMARAES,Brazil,Midfielder,5.5,,,,,,,,,
LUIZ HENRIQUE,Brazil,Midfielder,5.5,,,,,,,,,
JHON ARIAS,Colombia,Midfielder,5.5,,,,,,,,,
MARCO PASALIC,Croatia,Midfielder,5.5,,,,,,,,,
TOMAS SOUCEK,Czech Republic,Midfielder,5.5,,,,,,,,,
VACLAV CERNY,Czech Republic,Midfielder,5.5,,,,,,,,,
ELLIOT ANDERSON,England,Midfielder,5.5,,,,,,,,,
MORGAN GIBBS-WHITE,England,Midfielder,5.5,,,,,,,,,
AURELIEN TCHOUAMENI,France,Midfielder,5.5,,,,,,,,,
MANU KONE,France,Midfielder,5.5,,,,,,,,,
WARREN ZAIRE-EMERY,France,Midfielder,5.5,,,,,,,,,
ALEKSANDAR PAVLOVIC,Germany,Midfielder,5.5,,,,,,,,,
JAMIE LEWELING,Germany,Midfielder,5.5,,,,,,,,,
KARIM ADEYEMI,Germany,Midfielder,5.5,,,,,,,,,
KEVIN SCHADE,Germany,Midfielder,5.5,,,,,,,,,
MOHAMMED KUDUS,Ghana,Midfielder,5.5,,,,,,,,,
NICOLAS PEPE,Ivory Coast,Midfielder,5.5,,,,,,,,,
SIMON ADINGRA,Ivory Coast,Midfielder,5.5,,,,,,,,,
YAN DIOMANDE,Ivory Coast,Midfielder,5.5,,,,,,,,,
JUNYA ITO,Japan,Midfielder,5.5,,,,,,,,,
TAKEFUSA KUBO,Japan,Midfielder,5.5,,,,,,,,,
NOA LANG,Netherlands,Midfielder,5.5,,,,,,,,,
RYAN GRAVENBERCH,Netherlands,Midfielder,5.5,,,,,,,,,
ANTONIO NUSA,Norway,Midfielder,5.5,,,,,,,,,
OSCAR BOBB,Norway,Midfielder,5.5,,,,,,,,,
FRANCISCO CONCEICAO,Portugal,Midfielder,5.5,,,,,,,,,
GONCALO GUEDES,Portugal,Midfielder,5.5,,,,,,,,,
JOAO NEVES,Portugal,Midfielder,5.5,,,,,,,,,
PEDRO GONCALVES,Portugal,Midfielder,5.5,,,,,,,,,
RICARDO HORTA,Portugal,Midfielder,5.5,,,,,,,,,
RUBEN NEVES,Portugal,Midfielder,5.5,,,,,,,,,
JOHN MCGINN,Scotland,Midfielder,5.5,,,,,,,,,
SCOTT MCTOMINAY,Scotland,Midfielder,5.5,,,,,,,,,
ISMAILA SARR,Senegal,Midfielder,5.5,,,,,,,,,
LEE KANG-IN,South Korea,Midfielder,5.5,,,,,,,,,
ALEX BAENA,Spain,Midfielder,5.5,,,,,,,,,
FERMIN LOPEZ,Spain,Midfielder,5.5,,,,,,,,,
MARTIN ZUBIMENDI,Spain,Midfielder,5.5,,,,,,,,,
PEDRI,Spain,Midfielder,5.5,,,,,,,,,
YEREMY PINO,Spain,Midfielder,5.5,,,,,,,,,
BENJAMIN NYGREN,Sweden,Midfielder,5.5,,,,,,,,,
LUCAS BERGVALL,Sweden,Midfielder,5.5,,,,,,,,,
DAN NDOYE,Switzerland,Midfielder,5.5,,,,,,,,,
GRANIT XHAKA,Switzerland,Midfielder,5.5,,,,,,,,,
RUBEN VARGAS,Switzerland,Midfielder,5.5,,,,,,,,,
HAKAN CALHANOGLU,Turkey,Midfielder,5.5,,,,,,,,,
FACUNDO PELLISTRI,Uruguay,Midfielder,5.5,,,,,,,,,
GIORGIAN DE ARRASCAETA,Uruguay,Midfielder,5.5,,,,,,,,,
BRENDEN AARONSON,USA,Midfielder,5.5,,,,,,,,,
GIOVANNI REYNA,USA,Midfielder,5.5,,,,,,,,,
WESTON MCKENNIE,USA,Midfielder,5.5,,,,,,,,,
MOHAMED AMOURA,Algeria,Forward,5.5,,,,,,,,,
JOSE MANUEL LOPEZ,Argentina,Forward,5.5,,,,,,,,,
MICHAEL GREGORITSCH,Austria,Forward,5.5,,,,,,,,,
CYLE LARIN,Canada,Forward,5.5,,,,,,,,,
JHON CORDOBA,Colombia,Forward,5.5,,,,,,,,,
RAFAEL SANTOS BORRE,Colombia,Forward,5.5,,,,,,,,,
CEDRIC BAKAMBU,DR Congo,Forward,5.5,,,,,,,,,
YOANE WISSA,DR Congo,Forward,5.5,,,,,,,,,
ENNER VALENCIA,Ecuador,Forward,5.5,,,,,,,,,
JONATHAN BURKARDT,Germany,Forward,5.5,,,,,,,,,
NICLAS FULLKRUG,Germany,Forward,5.5,,,,,,,,,
INAKI WILLIAMS,Ghana,Forward,5.5,,,,,,,,,
JORDAN AYEW,Ghana,Forward,5.5,,,,,,,,,
MEHDI TAREMI,Iran,Forward,5.5,,,,,,,,,
EVANN GUESSAND,Ivory Coast,Forward,5.5,,,,,,,,,
AYASE UEDA,Japan,Forward,5.5,,,,,,,,,
SANTIAGO GIMENEZ,Mexico,Forward,5.5,,,,,,,,,
AYOUB EL KAABI,Morocco,Forward,5.5,,,,,,,,,
BRIAN BROBBEY,Netherlands,Forward,5.5,,,,,,,,,
EMMANUEL EMEGHA,Netherlands,Forward,5.5,,,,,,,,,
WOUT WEGHORST,Netherlands,Forward,5.5,,,,,,,,,
CHRIS WOOD,New Zealand,Forward,5.5,,,,,,,,,
ANDREAS SCHJELDERUP,Norway,Forward,5.5,,,,,,,,,
JORGEN STRAND LARSEN,Norway,Forward,5.5,,,,,,,,,
FRANCISCO TRINCAO,Portugal,Forward,5.5,,,,,,,,,
CHE ADAMS,Scotland,Forward,5.5,,,,,,,,,
HWANG HEE-CHAN,South Korea,Forward,5.5,,,,,,,,,
ANDER BARRENETXEA,Spain,Forward,5.5,,,,,,,,,
BORJA IGLESIAS,Spain,Forward,5.5,,,,,,,,,
VICTOR MUNOZ,Spain,Forward,5.5,,,,,,,,,
ALEXANDER BERNHARDSSON,Sweden,Forward,5.5,,,,,,,,,
GUSTAF NILSSON,Sweden,Forward,5.5,,,,,,,,,
KEREM AKTURKOGLU,Turkey,Forward,5.5,,,,,,,,,
FOLARIN BALOGUN,USA,Forward,5.5,,,,,,,,,
RICARDO PEPI,USA,Forward,5.5,,,,,,,,,
LUCA ZIDANE,Algeria,Goalkeeper,5,,,,,,,,,
MATHEW RYAN,Australia,Goalkeeper,5,,,,,,,,,
PATRICK PENTZ,Austria,Goalkeeper,5,,,,,,,,,
NIKOLA VASILJ,Bosnia-Herzegovina,Goalkeeper,5,,,,,,,,,
DAYNE ST. CLAIR,Canada,Goalkeeper,5,,,,,,,,,
MAXIME CREPEAU,Canada,Goalkeeper,5,,,,,,,,,
ALVARO MONTERO,Colombia,Goalkeeper,5,,,,,,,,,
DAVID OSPINA,Colombia,Goalkeeper,5,,,,,,,,,
MATEJ KOVAR,Czech Republic,Goalkeeper,5,,,,,,,,,
HERNAN GALINDEZ,Ecuador,Goalkeeper,5,,,,,,,,,
MOHAMED EL SHENAWY,Egypt,Goalkeeper,5,,,,,,,,,
BENJAMIN ASARE,Ghana,Goalkeeper,5,,,,,,,,,
LAWRENCE ATI-ZIGI,Ghana,Goalkeeper,5,,,,,,,,,
YAHIA FOFANA,Ivory Coast,Goalkeeper,5,,,,,,,,,
ZION SUZUKI,Japan,Goalkeeper,5,,,,,,,,,
GUILLERMO OCHOA,Mexico,Goalkeeper,5,,,,,,,,,
YASSINE BOUNOU,Morocco,Goalkeeper,5,,,,,,,,,
EGIL SELVIK,Norway,Goalkeeper,5,,,,,,,,,
ROBERTO FERNANDEZ,Paraguay,Goalkeeper,5,,,,,,,,,
ANGUS GUNN,Scotland,Goalkeeper,5,,,,,,,,,
CRAIG GORDON,Scotland,Goalkeeper,5,,,,,,,,,
EDOUARD MENDY,Senegal,Goalkeeper,5,,,,,,,,,
RONWEN WILLIAMS,South Africa,Goalkeeper,5,,,,,,,,,
KIM SEUNG-GYU,South Korea,Goalkeeper,5,,,,,,,,,
JACOB WIDELL ZETTERSTROM,Sweden,Goalkeeper,5,,,,,,,,,
VIKTOR JOHANSSON,Sweden,Goalkeeper,5,,,,,,,,,
YVON MVOGO,Switzerland,Goalkeeper,5,,,,,,,,,
AYMEN DAHMEN,Tunisia,Goalkeeper,5,,,,,,,,,
ALTAY BAYINDIR,Turkey,Goalkeeper,5,,,,,,,,,
MERT GUNOK,Turkey,Goalkeeper,5,,,,,,,,,
UGURCAN CAKIR,Turkey,Goalkeeper,5,,,,,,,,,
CRISTOPHER FIERMARIN,Uruguay,Goalkeeper,5,,,,,,,,,
SANTIAGO MELE,Uruguay,Goalkeeper,5,,,,,,,,,
MATT FREESE,USA,Goalkeeper,5,,,,,,,,,
MATT TURNER,USA,Goalkeeper,5,,,,,,,,,
AISSA MANDI,Algeria,Defender,5,,,,,,,,,
RAMY BENSEBAINI,Algeria,Defender,5,,,,,,,,,
RAYAN AIT-NOURI,Algeria,Defender,5,,,,,,,,,
FACUNDO MEDINA,Argentina,Defender,5,,,,,,,,,
KEVIN MAC ALLISTER,Argentina,Defender,5,,,,,,,,,
LAUTARO RIVERO,Argentina,Defender,5,,,,,,,,,
AZIZ BEHICH,Australia,Defender,5,,,,,,,,,
FRAN KARACIC,Australia,Defender,5,,,,,,,,,
JORDAN BOS,Australia,Defender,5,,,,,,,,,
MILOS DEGENEK,Australia,Defender,5,,,,,,,,,
KEVIN DANSO,Austria,Defender,5,,,,,,,,,
PHILLIPP MWENE,Austria,Defender,5,,,,,,,,,
STEFAN POSCH,Austria,Defender,5,,,,,,,,,
BRANDON MECHELE,Belgium,Defender,5,,,,,,,,,
NATHAN NGOY,Belgium,Defender,5,,,,,,,,,
AMAR DEDIC,Bosnia-Herzegovina,Defender,5,,,,,,,,,
NIKOLA KATIC,Bosnia-Herzegovina,Defender,5,,,,,,,,,
SEAD KOLASINAC,Bosnia-Herzegovina,Defender,5,,,,,,,,,
ALISTAIR JOHNSTON,Canada,Defender,5,,,,,,,,,
DEREK CORNELIUS,Canada,Defender,5,,,,,,,,,
KAMAL MILLER,Canada,Defender,5,,,,,,,,,
RICHIE LARYEA,Canada,Defender,5,,,,,,,,,
CARLOS CUESTA,Colombia,Defender,5,,,,,,,,,
SANTIAGO ARIAS,Colombia,Defender,5,,,,,,,,,
YERSON MOSQUERA,Colombia,Defender,5,,,,,,,,,
MARIN PONGRACIC,Croatia,Defender,5,,,,,,,,,
MARTIN ERLIC,Croatia,Defender,5,,,,,,,,,
ROBIN HRANAC,Czech Republic,Defender,5,,,,,,,,,
TOMAS HOLES,Czech Republic,Defender,5,,,,,,,,,
VLADIMIR COUFAL,Czech Republic,Defender,5,,,,,,,,,
AARON WAN-BISSAKA,DR Congo,Defender,5,,,,,,,,,
ARTHUR MASUAKU,DR Congo,Defender,5,,,,,,,,,
AXEL TUANZEBE,DR Congo,Defender,5,,,,,,,,,
CHANCEL MBEMBA,DR Congo,Defender,5,,,,,,,,,
ANGELO PRECIADO,Ecuador,Defender,5,,,,,,,,,
FELIX TORRES,Ecuador,Defender,5,,,,,,,,,
PERVIS ESTUPINAN,Ecuador,Defender,5,,,,,,,,,
PIERO HINCAPIE,Ecuador,Defender,5,,,,,,,,,
WILLIAN PACHO,Ecuador,Defender,5,,,,,,,,,
MOHAMED HANY,Egypt,Defender,5,,,,,,,,,
RAMY RABIA,Egypt,Defender,5,,,,,,,,,
YASSER IBRAHIM,Egypt,Defender,5,,,,,,,,,
JOSHA VAGNOMAN,Germany,Defender,5,,,,,,,,,
RIDLE BAKU,Germany,Defender,5,,,,,,,,,
ROBERT ANDRICH,Germany,Defender,5,,,,,,,,,
ROBIN KOCH,Germany,Defender,5,,,,,,,,,
ALEXANDER DJIKU,Ghana,Defender,5,,,,,,,,,
GIDEON MENSAH,Ghana,Defender,5,,,,,,,,,
EHSAN HAJSAFI,Iran,Defender,5,,,,,,,,,
EVAN NDICKA,Ivory Coast,Defender,5,,,,,,,,,
GHISLAIN KONAN,Ivory Coast,Defender,5,,,,,,,,,
GUELA DOUE,Ivory Coast,Defender,5,,,,,,,,,
ODILON KOSSOUNOU,Ivory Coast,Defender,5,,,,,,,,,
HIROKI ITO,Japan,Defender,5,,,,,,,,,
KO ITAKURA,Japan,Defender,5,,,,,,,,,
SHOGO TANIGUCHI,Japan,Defender,5,,,,,,,,,
TAKEHIRO TOMIYASU,Japan,Defender,5,,,,,,,,,
TSUYOSHI WATANABE,Japan,Defender,5,,,,,,,,,
YUKINARI SUGAWARA,Japan,Defender,5,,,,,,,,,
CESAR MONTES,Mexico,Defender,5,,,,,,,,,
ISRAEL REYES,Mexico,Defender,5,,,,,,,,,
JESUS GALLARDO,Mexico,Defender,5,,,,,,,,,
JOHAN VASQUEZ,Mexico,Defender,5,,,,,,,,,
JORGE SANCHEZ,Mexico,Defender,5,,,,,,,,,
RICHARD LEDEZMA,Mexico,Defender,5,,,,,,,,,
NAYEF AGUERD,Morocco,Defender,5,,,,,,,,,
NOUSSAIR MAZRAOUI,Morocco,Defender,5,,,,,,,,,
IAN MAATSEN,Netherlands,Defender,5,,,,,,,,,
QUILINDSCHY HARTMAN,Netherlands,Defender,5,,,,,,,,,
FREDRIK ANDRE BJORKAN,Norway,Defender,5,,,,,,,,,
LEO SKIRI OSTIGARD,Norway,Defender,5,,,,,,,,,
MARCUS HOLMGREN PEDERSEN,Norway,Defender,5,,,,,,,,,
AMIR MURILLO,Panama,Defender,5,,,,,,,,,
GUSTAVO GOMEZ,Paraguay,Defender,5,,,,,,,,,
JUAN CACERES,Paraguay,Defender,5,,,,,,,,,
JUNIOR ALONSO,Paraguay,Defender,5,,,,,,,,,
OMAR ALDERETE,Paraguay,Defender,5,,,,,,,,,
AARON HICKEY,Scotland,Defender,5,,,,,,,,,
GRANT HANLEY,Scotland,Defender,5,,,,,,,,,
JOHN SOUTTAR,Scotland,Defender,5,,,,,,,,,
KIERAN TIERNEY,Scotland,Defender,5,,,,,,,,,
EL HADJI MALICK DIOUF,Senegal,Defender,5,,,,,,,,,
KALIDOU KOULIBALY,Senegal,Defender,5,,,,,,,,,
KREPIN DIATTA,Senegal,Defender,5,,,,,,,,,
MOUSSA NIAKHATE,Senegal,Defender,5,,,,,,,,,
AUBREY MODIBA,South Africa,Defender,5,,,,,,,,,
KHULISO MUDAU,South Africa,Defender,5,,,,,,,,,
NKOSINATHI SIBISI,South Africa,Defender,5,,,,,,,,,
KIM MIN-JAE,South Korea,Defender,5,,,,,,,,,
KIM MOON-HWAN,South Korea,Defender,5,,,,,,,,,
SEOL YOUNG-WOO,South Korea,Defender,5,,,,,,,,,
DANI VIVIAN,Spain,Defender,5,,,,,,,,,
INIGO MARTINEZ,Spain,Defender,5,,,,,,,,,
RAUL ASENCIO,Spain,Defender,5,,,,,,,,,
CARL STARFELT,Sweden,Defender,5,,,,,,,,,
DANIEL SVENSSON,Sweden,Defender,5,,,,,,,,,
ERAY CÖMERT,Switzerland,Defender,5,,,,,,,,,
MIRO MUHEIM,Switzerland,Defender,5,,,,,,,,,
ALI ABDI,Tunisia,Defender,5,,,,,,,,,
DYLAN BRONN,Tunisia,Defender,5,,,,,,,,,
MONTASSAR TALBI,Tunisia,Defender,5,,,,,,,,,
YAN VALERY,Tunisia,Defender,5,,,,,,,,,
ABDULKERIM BARDAKCI,Turkey,Defender,5,,,,,,,,,
CAGLAR SOYUNCU,Turkey,Defender,5,,,,,,,,,
MERT MULDUR,Turkey,Defender,5,,,,,,,,,
OZAN KABAK,Turkey,Defender,5,,,,,,,,,
ZEKI CELIK,Turkey,Defender,5,,,,,,,,,
GUILLERMO VARELA,Uruguay,Defender,5,,,,,,,,,
SEBASTIAN CACERES,Uruguay,Defender,5,,,,,,,,,
CHRIS RICHARDS,USA,Defender,5,,,,,,,,,
SERGINO DEST,USA,Defender,5,,,,,,,,,
TIM REAM,USA,Defender,5,,,,,,,,,
ABDUKODIR KHUSANOV,Uzbekistan,Defender,5,,,,,,,,,
FARES CHAIBI,Algeria,Midfielder,5,,,,,,,,,
HOUSSEM AOUAR,Algeria,Midfielder,5,,,,,,,,,
IBRAHIM MAZA,Algeria,Midfielder,5,,,,,,,,,
EXEQUIEL PALACIOS,Argentina,Midfielder,5,,,,,,,,,
FRANCO MASTANTUONO,Argentina,Midfielder,5,,,,,,,,,
GIANLUCA PRESTIANNI,Argentina,Midfielder,5,,,,,,,,,
GIOVANI LO CELSO,Argentina,Midfielder,5,,,,,,,,,
MAXIMO PERRONE,Argentina,Midfielder,5,,,,,,,,,
AJDIN HRUSTIC,Australia,Midfielder,5,,,,,,,,,
AWER MABIL,Australia,Midfielder,5,,,,,,,,,
JACKSON IRVINE,Australia,Midfielder,5,,,,,,,,,
NESTORY IRANKUNDA,Australia,Midfielder,5,,,,,,,,,
NISHAN VELUPILLAY,Australia,Midfielder,5,,,,,,,,,
RILEY MCGREE,Australia,Midfielder,5,,,,,,,,,
CARNEY CHUKWUEMEKA,Austria,Midfielder,5,,,,,,,,,
KONRAD LAIMER,Austria,Midfielder,5,,,,,,,,,
NICOLAS SEIWALD,Austria,Midfielder,5,,,,,,,,,
ROMANO SCHMID,Austria,Midfielder,5,,,,,,,,,
XAVER SCHLAGER,Austria,Midfielder,5,,,,,,,,,
AMADOU ONANA,Belgium,Midfielder,5,,,,,,,,,
AXEL WITSEL,Belgium,Midfielder,5,,,,,,,,,
DIEGO MOREIRA,Belgium,Midfielder,5,,,,,,,,,
HANS VANAKEN,Belgium,Midfielder,5,,,,,,,,,
NICOLAS RASKIN,Belgium,Midfielder,5,,,,,,,,,
BENJAMIN TAHIROVIC,Bosnia-Herzegovina,Midfielder,5,,,,,,,,,
ESMIR BAJRAKTAREVIC,Bosnia-Herzegovina,Midfielder,5,,,,,,,,,
KERIM ALAJBEGOVIC,Bosnia-Herzegovina,Midfielder,5,,,,,,,,,
DANILO OLIVEIRA,Brazil,Midfielder,5,,,,,,,,,
FABINHO,Brazil,Midfielder,5,,,,,,,,,
ISMAEL KONE,Canada,Midfielder,5,,,,,,,,,
JONATHAN OSORIO,Canada,Midfielder,5,,,,,,,,,
JUNIOR HOILETT,Canada,Midfielder,5,,,,,,,,,
TAJON BUCHANAN,Canada,Midfielder,5,,,,,,,,,
GARRY RODRIGUES,Cape Verde,Midfielder,5,,,,,,,,,
RYAN MENDES,Cape Verde,Midfielder,5,,,,,,,,,
JAMINTON CAMPAZ,Colombia,Midfielder,5,,,,,,,,,
JEFFERSON LERMA,Colombia,Midfielder,5,,,,,,,,,
JORGE CARRASCAL,Colombia,Midfielder,5,,,,,,,,,
JUAN FERNANDO QUINTERO,Colombia,Midfielder,5,,,,,,,,,
KEVIN CASTANO,Colombia,Midfielder,5,,,,,,,,,
LUIS SINISTERRA,Colombia,Midfielder,5,,,,,,,,,
RICHARD RIOS,Colombia,Midfielder,5,,,,,,,,,
YASER ASPRILLA,Colombia,Midfielder,5,,,,,,,,,
KRISTIJAN JAKIC,Croatia,Midfielder,5,,,,,,,,,
LUKA SUCIC,Croatia,Midfielder,5,,,,,,,,,
MARIO PASALIC,Croatia,Midfielder,5,,,,,,,,,
MARTIN BATURINA,Croatia,Midfielder,5,,,,,,,,,
MATEO KOVACIC,Croatia,Midfielder,5,,,,,,,,,
NIKOLA VLASIC,Croatia,Midfielder,5,,,,,,,,,
PETAR SUCIC,Croatia,Midfielder,5,,,,,,,,,
JUNINHO BACUNA,Curacao,Midfielder,5,,,,,,,,,
LEANDRO BACUNA,Curacao,Midfielder,5,,,,,,,,,
LUKAS PROVOD,Czech Republic,Midfielder,5,,,,,,,,,
PAVEL SULC,Czech Republic,Midfielder,5,,,,,,,,,
VLADIMIR DARIDA,Czech Republic,Midfielder,5,,,,,,,,,
MESCHAK ELIA,DR Congo,Midfielder,5,,,,,,,,,
THEO BONGONDA,DR Congo,Midfielder,5,,,,,,,,,
ALAN FRANCO,Ecuador,Midfielder,5,,,,,,,,,
GONZALO PLATA,Ecuador,Midfielder,5,,,,,,,,,
MOISES CAICEDO,Ecuador,Midfielder,5,,,,,,,,,
HAMDY FATHY,Egypt,Midfielder,5,,,,,,,,,
MARWAN ATTIA,Egypt,Midfielder,5,,,,,,,,,
TREZEGUET,Egypt,Midfielder,5,,,,,,,,,
ADAM WHARTON,England,Midfielder,5,,,,,,,,,
JAMES GARNER,England,Midfielder,5,,,,,,,,,
JORDAN HENDERSON,England,Midfielder,5,,,,,,,,,
KOBBIE MAINOO,England,Midfielder,5,,,,,,,,,
RUBEN LOFTUS-CHEEK,England,Midfielder,5,,,,,,,,,
ADRIEN RABIOT,France,Midfielder,5,,,,,,,,,
N'GOLO KANTE,France,Midfielder,5,,,,,,,,,
ANGELO STILLER,Germany,Midfielder,5,,,,,,,,,
ANTON STACH,Germany,Midfielder,5,,,,,,,,,
ASSAN OUEDRAOGO,Germany,Midfielder,5,,,,,,,,,
CHRIS FUHRICH,Germany,Midfielder,5,,,,,,,,,
FELIX NMECHA,Germany,Midfielder,5,,,,,,,,,
PASCAL GROSS,Germany,Midfielder,5,,,,,,,,,
SAID EL MALA,Germany,Midfielder,5,,,,,,,,,
ABDUL FATAWU,Ghana,Midfielder,5,,,,,,,,,
ELISHA OWUSU,Ghana,Midfielder,5,,,,,,,,,
THOMAS PARTEY,Ghana,Midfielder,5,,,,,,,,,
JEAN-RICNER BELLEGARDE,Haiti,Midfielder,5,,,,,,,,,
LOUICIUS DEEDSON,Haiti,Midfielder,5,,,,,,,,,
ALIREZA JAHANBAKHSH,Iran,Midfielder,5,,,,,,,,,
MOHAMMAD MOHEBI,Iran,Midfielder,5,,,,,,,,,
SAMAN GHODDOS,Iran,Midfielder,5,,,,,,,,,
FRANCK KESSIE,Ivory Coast,Midfielder,5,,,,,,,,,
IBRAHIM SANGARE,Ivory Coast,Midfielder,5,,,,,,,,,
SEKO FOFANA,Ivory Coast,Midfielder,5,,,,,,,,,
AO TANAKA,Japan,Midfielder,5,,,,,,,,,
DAICHI KAMADA,Japan,Midfielder,5,,,,,,,,,
KEITO NAKAMURA,Japan,Midfielder,5,,,,,,,,,
RITSU DOAN,Japan,Midfielder,5,,,,,,,,,
WATARU ENDO,Japan,Midfielder,5,,,,,,,,,
MUSA AL-TAAMARI,Jordan,Midfielder,5,,,,,,,,,
ALEXIS VEGA,Mexico,Midfielder,5,,,,,,,,,
CARLOS RODRIGUEZ,Mexico,Midfielder,5,,,,,,,,,
EDSON ALVAREZ,Mexico,Midfielder,5,,,,,,,,,
ERICK SANCHEZ,Mexico,Midfielder,5,,,,,,,,,
ERIK LIRA,Mexico,Midfielder,5,,,,,,,,,
HIRVING LOZANO,Mexico,Midfielder,5,,,,,,,,,
ORBELIN PINEDA,Mexico,Midfielder,5,,,,,,,,,
ROBERTO ALVARADO,Mexico,Midfielder,5,,,,,,,,,
ABDE EZZALZOULI,Morocco,Midfielder,5,,,,,,,,,
AZZEDINE OUNAHI,Morocco,Midfielder,5,,,,,,,,,
ISMAEL SAIBARI,Morocco,Midfielder,5,,,,,,,,,
JERDY SCHOUTEN,Netherlands,Midfielder,5,,,,,,,,,
KEES SMIT,Netherlands,Midfielder,5,,,,,,,,,
KENNETH TAYLOR,Netherlands,Midfielder,5,,,,,,,,,
LUCIANO VALENTE,Netherlands,Midfielder,5,,,,,,,,,
MATS WIEFFER,Netherlands,Midfielder,5,,,,,,,,,
QUINTEN TIMBER,Netherlands,Midfielder,5,,,,,,,,,
SEM STEIJN,Netherlands,Midfielder,5,,,,,,,,,
TEUN KOOPMEINERS,Netherlands,Midfielder,5,,,,,,,,,
CALLUM MCCOWATT,New Zealand,Midfielder,5,,,,,,,,,
ELIJAH JUST,New Zealand,Midfielder,5,,,,,,,,,
KOSTA BARBAROUSES,New Zealand,Midfielder,5,,,,,,,,,
ARON DONNUM,Norway,Midfielder,5,,,,,,,,,
FELIX HORN MYHRE,Norway,Midfielder,5,,,,,,,,,
JENS PETTER HAUGE,Norway,Midfielder,5,,,,,,,,,
PATRICK BERG,Norway,Midfielder,5,,,,,,,,,
SANDER BERGE,Norway,Midfielder,5,,,,,,,,,
THELO AASGAARD,Norway,Midfielder,5,,,,,,,,,
ISMAEL DIAZ,Panama,Midfielder,5,,,,,,,,,
ANDRES CUBAS,Paraguay,Midfielder,5,,,,,,,,,
DIEGO GOMEZ,Paraguay,Midfielder,5,,,,,,,,,
JULIO ENCISO,Paraguay,Midfielder,5,,,,,,,,,
MATHIAS VILLASANTI,Paraguay,Midfielder,5,,,,,,,,,
MIGUEL ALMIRON,Paraguay,Midfielder,5,,,,,,,,,
RAMON SOSA,Paraguay,Midfielder,5,,,,,,,,,
JOAO PALHINHA,Portugal,Midfielder,5,,,,,,,,,
MATEUS FERNANDES,Portugal,Midfielder,5,,,,,,,,,
MATHEUS NUNES,Portugal,Midfielder,5,,,,,,,,,
RODRIGO MORA,Portugal,Midfielder,5,,,,,,,,,
SAMU COSTA,Portugal,Midfielder,5,,,,,,,,,
AKRAM AFIF,Qatar,Midfielder,5,,,,,,,,,
MOHAMED KANNO,Saudi Arabia,Midfielder,5,,,,,,,,,
SALEM AL-DAWSARI,Saudi Arabia,Midfielder,5,,,,,,,,,
BEN GANNON-DOAK,Scotland,Midfielder,5,,,,,,,,,
BILLY GILMOUR,Scotland,Midfielder,5,,,,,,,,,
LEWIS FERGUSON,Scotland,Midfielder,5,,,,,,,,,
RYAN CHRISTIE,Scotland,Midfielder,5,,,,,,,,,
IDRISSA GUEYE,Senegal,Midfielder,5,,,,,,,,,
ILIMAN NDIAYE,Senegal,Midfielder,5,,,,,,,,,
PAPE GUEYE,Senegal,Midfielder,5,,,,,,,,,
OSWIN APPOLLIS,South Africa,Midfielder,5,,,,,,,,,
TEBOHO MOKOENA,South Africa,Midfielder,5,,,,,,,,,
HWANG IN-BEOM,South Korea,Midfielder,5,,,,,,,,,
LEE JAE-SUNG,South Korea,Midfielder,5,,,,,,,,,
ALEIX GARCIA,Spain,Midfielder,5,,,,,,,,,
BRYAN ZARAGOZA,Spain,Midfielder,5,,,,,,,,,
GAVI,Spain,Midfielder,5,,,,,,,,,
ISCO,Spain,Midfielder,5,,,,,,,,,
MARC CASADO,Spain,Midfielder,5,,,,,,,,,
PABLO BARRIOS,Spain,Midfielder,5,,,,,,,,,
PABLO FORNALS,Spain,Midfielder,5,,,,,,,,,
JESPER KARLSTROM,Sweden,Midfielder,5,,,,,,,,,
YASIN AYARI,Sweden,Midfielder,5,,,,,,,,,
FABIAN RIEDER,Switzerland,Midfielder,5,,,,,,,,,
MICHEL AEBISCHER,Switzerland,Midfielder,5,,,,,,,,,
REMO FREULER,Switzerland,Midfielder,5,,,,,,,,,
ELIAS ACHOURI,Tunisia,Midfielder,5,,,,,,,,,
ELLYES SKHIRI,Tunisia,Midfielder,5,,,,,,,,,
HANNIBAL MEJBRI,Tunisia,Midfielder,5,,,,,,,,,
ISMAEL GHARBI,Tunisia,Midfielder,5,,,,,,,,,
BARIS ALPER YILMAZ,Turkey,Midfielder,5,,,,,,,,,
CAN UZUN,Turkey,Midfielder,5,,,,,,,,,
IRFAN CAN KAHVECI,Turkey,Midfielder,5,,,,,,,,,
ISMAIL YUKSEK,Turkey,Midfielder,5,,,,,,,,,
KAAN AYHAN,Turkey,Midfielder,5,,,,,,,,,
OGUZ AYDIN,Turkey,Midfielder,5,,,,,,,,,
BRIAN RODRIGUEZ,Uruguay,Midfielder,5,,,,,,,,,
FACUNDO TORRES,Uruguay,Midfielder,5,,,,,,,,,
MANUEL UGARTE,Uruguay,Midfielder,5,,,,,,,,,
MAXIMILIANO ARAUJO,Uruguay,Midfielder,5,,,,,,,,,
NAHITAN NANDEZ,Uruguay,Midfielder,5,,,,,,,,,
RODRIGO BENTANCUR,Uruguay,Midfielder,5,,,,,,,,,
CRISTIAN ROLDAN,USA,Midfielder,5,,,,,,,,,
DIEGO LUNA,USA,Midfielder,5,,,,,,,,,
JOHNNY CARDOSO,USA,Midfielder,5,,,,,,,,,
MALIK TILLMAN,USA,Midfielder,5,,,,,,,,,
TIMOTHY WEAH,USA,Midfielder,5,,,,,,,,,
TYLER ADAMS,USA,Midfielder,5,,,,,,,,,
OSTON URUNOV,Uzbekistan,Midfielder,5,,,,,,,,,
AMIN CHIAKHA,Algeria,Forward,5,,,,,,,,,
AMINE GOUIRI,Algeria,Forward,5,,,,,,,,,
ANIS HADJ MOUSSA,Algeria,Forward,5,,,,,,,,,
BAGHDAD BOUNEDJAH,Algeria,Forward,5,,,,,,,,,
MONSEF BAKRAR,Algeria,Forward,5,,,,,,,,,
REDOUANE BERKANE,Algeria,Forward,5,,,,,,,,,
ANTE SUTO,Australia,Forward,5,,,,,,,,,
DENI JURIC,Australia,Forward,5,,,,,,,,,
MARTIN BOYLE,Australia,Forward,5,,,,,,,,,
MOHAMED TOURE,Australia,Forward,5,,,,,,,,,
SASA KALAJDZIC,Austria,Forward,5,,,,,,,,,
ERMEDIN DEMIROVIC,Bosnia-Herzegovina,Forward,5,,,,,,,,,
HARIS TABAKOVIC,Bosnia-Herzegovina,Forward,5,,,,,,,,,
JOVO LUKIC,Bosnia-Herzegovina,Forward,5,,,,,,,,,
SAMED BAZDAR,Bosnia-Herzegovina,Forward,5,,,,,,,,,
ARIBIM PEPPLE,Canada,Forward,5,,,,,,,,,
DANIEL JEBBISON,Canada,Forward,5,,,,,,,,,
JACEN RUSSELL-ROWE,Canada,Forward,5,,,,,,,,,
PROMISE DAVID,Canada,Forward,5,,,,,,,,,
TANI OLUWASEYI,Canada,Forward,5,,,,,,,,,
DAILON LIVRAMENTO,Cape Verde,Forward,5,,,,,,,,,
GILSON TAVARES,Cape Verde,Forward,5,,,,,,,,,
NUNO DA COSTA,Cape Verde,Forward,5,,,,,,,,,
ANDRES GOMEZ,Colombia,Forward,5,,,,,,,,,
CUCHO HERNANDEZ,Colombia,Forward,5,,,,,,,,,
DAYRO MORENO,Colombia,Forward,5,,,,,,,,,
ANTE BUDIMIR,Croatia,Forward,5,,,,,,,,,
IGOR MATANOVIC,Croatia,Forward,5,,,,,,,,,
PETAR MUSA,Croatia,Forward,5,,,,,,,,,
GERVANE KASTANEER,Curacao,Forward,5,,,,,,,,,
JEARL MARGARITHA,Curacao,Forward,5,,,,,,,,,
JURGEN LOCADIA,Curacao,Forward,5,,,,,,,,,
JAN KLIMENT,Czech Republic,Forward,5,,,,,,,,,
MOJMIR CHYTIL,Czech Republic,Forward,5,,,,,,,,,
TOMAS CHORY,Czech Republic,Forward,5,,,,,,,,,
FISTON MAYELE,DR Congo,Forward,5,,,,,,,,,
SIMON BANZA,DR Congo,Forward,5,,,,,,,,,
JEREMY AREVALO,Ecuador,Forward,5,,,,,,,,,
JORDY CAICEDO,Ecuador,Forward,5,,,,,,,,,
KEVIN RODRIGUEZ,Ecuador,Forward,5,,,,,,,,,
LEONARDO CAMPANA,Ecuador,Forward,5,,,,,,,,,
MOHAMED SHERIF,Egypt,Forward,5,,,,,,,,,
MOSTAFA MOHAMED,Egypt,Forward,5,,,,,,,,,
OSAMA FAISAL,Egypt,Forward,5,,,,,,,,,
SALAH MOHSEN,Egypt,Forward,5,,,,,,,,,
BRANDON THOMAS-ASANTE,Ghana,Forward,5,,,,,,,,,
DAN AGYEI,Ghana,Forward,5,,,,,,,,,
KAMALDEEN SULEMANA,Ghana,Forward,5,,,,,,,,,
PRINCE OSEI OWUSU,Ghana,Forward,5,,,,,,,,,
DUCKENS NAZON,Haiti,Forward,5,,,,,,,,,
FRANTZDY PIERROT,Haiti,Forward,5,,,,,,,,,
LENNY JOSEPH,Haiti,Forward,5,,,,,,,,,
RUBEN PROVIDENCE,Haiti,Forward,5,,,,,,,,,
WILSON ISIDOR,Haiti,Forward,5,,,,,,,,,
ALI ALIPOUR,Iran,Forward,5,,,,,,,,,
MEHDI GHAYEDI,Iran,Forward,5,,,,,,,,,
ALI AL-HAMADI,Iraq,Forward,5,,,,,,,,,
ALI YOUSIF,Iraq,Forward,5,,,,,,,,,
AMAR MUHSIN,Iraq,Forward,5,,,,,,,,,
AYMEN HUSSEIN,Iraq,Forward,5,,,,,,,,,
MOHANAD ALI,Iraq,Forward,5,,,,,,,,,
ANGE-YOAN BONNY,Ivory Coast,Forward,5,,,,,,,,,
ELYE WAHI,Ivory Coast,Forward,5,,,,,,,,,
OUMAR DIAKITE,Ivory Coast,Forward,5,,,,,,,,,
DAIZEN MAEDA,Japan,Forward,5,,,,,,,,,
KEISUKE GOTO,Japan,Forward,5,,,,,,,,,
KENTO SHIOGAI,Japan,Forward,5,,,,,,,,,
KOKI OGAWA,Japan,Forward,5,,,,,,,,,
ALI OLWAN,Jordan,Forward,5,,,,,,,,,
IBRAHIM SABRA,Jordan,Forward,5,,,,,,,,,
ODEH AL-FAKHOURI,Jordan,Forward,5,,,,,,,,,
ANGEL SEPULVEDA,Mexico,Forward,5,,,,,,,,,
ARMANDO GONZALEZ,Mexico,Forward,5,,,,,,,,,
GERMAN BERTERAME,Mexico,Forward,5,,,,,,,,,
GUILLERMO MARTINEZ,Mexico,Forward,5,,,,,,,,,
JULIAN QUINONES,Mexico,Forward,5,,,,,,,,,
AMINE ADLI,Morocco,Forward,5,,,,,,,,,
HAMZA IGAMANE,Morocco,Forward,5,,,,,,,,,
SOUFIANE RAHIMI,Morocco,Forward,5,,,,,,,,,
YOUSSEF EN-NESYRI,Morocco,Forward,5,,,,,,,,,
BEN WAINE,New Zealand,Forward,5,,,,,,,,,
JESSE RANDALL,New Zealand,Forward,5,,,,,,,,,
AUNE HEGGEBO,Norway,Forward,5,,,,,,,,,
CECILIO WATERMAN,Panama,Forward,5,,,,,,,,,
GUSTAVO HERRERA,Panama,Forward,5,,,,,,,,,
JOSE FAJARDO,Panama,Forward,5,,,,,,,,,
KADIR BARRIA,Panama,Forward,5,,,,,,,,,
KAHISER LENIS,Panama,Forward,5,,,,,,,,,
ALEX ARCE,Paraguay,Forward,5,,,,,,,,,
ANTONIO SANABRIA,Paraguay,Forward,5,,,,,,,,,
GABRIEL AVALOS,Paraguay,Forward,5,,,,,,,,,
RONALDO MARTINEZ,Paraguay,Forward,5,,,,,,,,,
AHMED AL-RAWI,Qatar,Forward,5,,,,,,,,,
ALMOEZ ALI,Qatar,Forward,5,,,,,,,,,
HASSAN AL-HAYDOS,Qatar,Forward,5,,,,,,,,,
MOHAMMED MUNTARI,Qatar,Forward,5,,,,,,,,,
MUBARAK SHANAN HAMZA,Qatar,Forward,5,,,,,,,,,
ABDULLAH AL-HAMDAN,Saudi Arabia,Forward,5,,,,,,,,,
FIRAS AL-BURAIKAN,Saudi Arabia,Forward,5,,,,,,,,,
SALEH AL-SHEHRI,Saudi Arabia,Forward,5,,,,,,,,,
GEORGE HIRST,Scotland,Forward,5,,,,,,,,,
LAWRENCE SHANKLAND,Scotland,Forward,5,,,,,,,,,
LYNDON DYKES,Scotland,Forward,5,,,,,,,,,
ROSS STEWART,Scotland,Forward,5,,,,,,,,,
ABDALLAH SIMA,Senegal,Forward,5,,,,,,,,,
BOULAYE DIA,Senegal,Forward,5,,,,,,,,,
CHERIF NDIAYE,Senegal,Forward,5,,,,,,,,,
HABIB DIALLO,Senegal,Forward,5,,,,,,,,,
IBRAHIM MBAYE,Senegal,Forward,5,,,,,,,,,
OUSMANE SOW,Senegal,Forward,5,,,,,,,,,
BONGOKUHLE HLONGWANE,South Africa,Forward,5,,,,,,,,,
EVIDENCE MAKGOPA,South Africa,Forward,5,,,,,,,,,
IQRAAM RAYNERS,South Africa,Forward,5,,,,,,,,,
LYLE FOSTER,South Africa,Forward,5,,,,,,,,,
CHO GUE-SUNG,South Korea,Forward,5,,,,,,,,,
OH HYEON-GYU,South Korea,Forward,5,,,,,,,,,
ANDI ZEQIRI,Switzerland,Forward,5,,,,,,,,,
CEDRIC ITTEN,Switzerland,Forward,5,,,,,,,,,
JOEL MONTEIRO,Switzerland,Forward,5,,,,,,,,,
NOAH OKAFOR,Switzerland,Forward,5,,,,,,,,,
ZEKI AMDOUNI,Switzerland,Forward,5,,,,,,,,,
FIRAS CHAOUAT,Tunisia,Forward,5,,,,,,,,,
HAZEM MASTOURI,Tunisia,Forward,5,,,,,,,,,
RAYAN ELLOUMI,Tunisia,Forward,5,,,,,,,,,
AHMED KUTUCU,Turkey,Forward,5,,,,,,,,,
DENIZ GUL,Turkey,Forward,5,,,,,,,,,
SEMIH KILICSOY,Turkey,Forward,5,,,,,,,,,
FEDERICO VINAS,Uruguay,Forward,5,,,,,,,,,
LUCIANO RODRIGUEZ,Uruguay,Forward,5,,,,,,,,,
RODRIGO AGUIRRE,Uruguay,Forward,5,,,,,,,,,
HAJI WRIGHT,USA,Forward,5,,,,,,,,,
JOSH SARGENT,USA,Forward,5,,,,,,,,,
ELDOR SHOMURODOV,Uzbekistan,Forward,5,,,,,,,,,
IGOR SERGEEV,Uzbekistan,Forward,5,,,,,,,,,
KHUSAYIN NORCHAEV,Uzbekistan,Forward,5,,,,,,,,,
SHERZOD TEMIROV,Uzbekistan,Forward,5,,,,,,,,,
ALEXIS GUENDOUZ,Algeria,Goalkeeper,4.5,,,,,,,,,
ANTHONY MANDREA,Algeria,Goalkeeper,4.5,,,,,,,,,
PATRICK BEACH,Australia,Goalkeeper,4.5,,,,,,,,,
PAUL IZZO,Australia,Goalkeeper,4.5,,,,,,,,,
FLORIAN WIEGELE,Austria,Goalkeeper,4.5,,,,,,,,,
MARTIN ZLOMISLIC,Bosnia-Herzegovina,Goalkeeper,4.5,,,,,,,,,
OSMAN HADZIKIC,Bosnia-Herzegovina,Goalkeeper,4.5,,,,,,,,,
OWEN GOODMAN,Canada,Goalkeeper,4.5,,,,,,,,,
CJ DOS SANTOS,Cape Verde,Goalkeeper,4.5,,,,,,,,,
MARCIO ROSA,Cape Verde,Goalkeeper,4.5,,,,,,,,,
VOZINHA,Cape Verde,Goalkeeper,4.5,,,,,,,,,
KEVIN MIER,Colombia,Goalkeeper,4.5,,,,,,,,,
DOMINIK KOTARSKI,Croatia,Goalkeeper,4.5,,,,,,,,,
IVOR PANDUR,Croatia,Goalkeeper,4.5,,,,,,,,,
ELOY ROOM,Curacao,Goalkeeper,4.5,,,,,,,,,
TREVOR DOORNBUSCH,Curacao,Goalkeeper,4.5,,,,,,,,,
TYRICK BODAK,Curacao,Goalkeeper,4.5,,,,,,,,,
JINDRICH STANEK,Czech Republic,Goalkeeper,4.5,,,,,,,,,
LUKAS HORNICEK,Czech Republic,Goalkeeper,4.5,,,,,,,,,
MARTIN JEDLICKA,Czech Republic,Goalkeeper,4.5,,,,,,,,,
LIONEL MPASI,DR Congo,Goalkeeper,4.5,,,,,,,,,
MATTHIEU EPOLO,DR Congo,Goalkeeper,4.5,,,,,,,,,
TIMOTHY FAYULU,DR Congo,Goalkeeper,4.5,,,,,,,,,
CRISTHIAN LOOR,Ecuador,Goalkeeper,4.5,,,,,,,,,
GONZALO VALLE,Ecuador,Goalkeeper,4.5,,,,,,,,,
MOISES RAMIREZ,Ecuador,Goalkeeper,4.5,,,,,,,,,
AHMED EL SHENAWY,Egypt,Goalkeeper,4.5,,,,,,,,,
MOHAMED SOBHI,Egypt,Goalkeeper,4.5,,,,,,,,,
MOSTAFA SHOBEIR,Egypt,Goalkeeper,4.5,,,,,,,,,
JOSEPH ANANG,Ghana,Goalkeeper,4.5,,,,,,,,,
ALEXANDRE PIERRE,Haiti,Goalkeeper,4.5,,,,,,,,,
JOHNY PLACIDE,Haiti,Goalkeeper,4.5,,,,,,,,,
JOSUE DUVERGER,Haiti,Goalkeeper,4.5,,,,,,,,,
ALIREZA BEIRANVAND,Iran,Goalkeeper,4.5,,,,,,,,,
HOSSEIN HOSSEINI,Iran,Goalkeeper,4.5,,,,,,,,,
MOHAMMAD KHALIFE,Iran,Goalkeeper,4.5,,,,,,,,,
PAYAM NIAZMAND,Iran,Goalkeeper,4.5,,,,,,,,,
AHMED BASIL,Iraq,Goalkeeper,4.5,,,,,,,,,
FAHAD TALIB,Iraq,Goalkeeper,4.5,,,,,,,,,
JALAL HASSAN,Iraq,Goalkeeper,4.5,,,,,,,,,
KUMEL AL-REKABE,Iraq,Goalkeeper,4.5,,,,,,,,,
ALBAN LAFONT,Ivory Coast,Goalkeeper,4.5,,,,,,,,,
MOHAMED KONE,Ivory Coast,Goalkeeper,4.5,,,,,,,,,
KEISUKE OSAKO,Japan,Goalkeeper,4.5,,,,,,,,,
TOMOKI HAYAKAWA,Japan,Goalkeeper,4.5,,,,,,,,,
ABDALLAH AL-FAKHOURI,Jordan,Goalkeeper,4.5,,,,,,,,,
AHMAD AL-JUAIDI,Jordan,Goalkeeper,4.5,,,,,,,,,
NOUR BANI ATTIAH,Jordan,Goalkeeper,4.5,,,,,,,,,
YAZEED ABULAILA,Jordan,Goalkeeper,4.5,,,,,,,,,
CARLOS ACEVEDO,Mexico,Goalkeeper,4.5,,,,,,,,,
RAUL RANGEL,Mexico,Goalkeeper,4.5,,,,,,,,,
EL MEHDI AL HARRAR,Morocco,Goalkeeper,4.5,,,,,,,,,
MUNIR MOHAMEDI,Morocco,Goalkeeper,4.5,,,,,,,,,
ALEX PAULSEN,New Zealand,Goalkeeper,4.5,,,,,,,,,
MAX CROCOMBE,New Zealand,Goalkeeper,4.5,,,,,,,,,
MICHAEL WOUD,New Zealand,Goalkeeper,4.5,,,,,,,,,
MATHIAS DYNGELAND,Norway,Goalkeeper,4.5,,,,,,,,,
VILJAR MHYRA,Norway,Goalkeeper,4.5,,,,,,,,,
CESAR SAMUDIO,Panama,Goalkeeper,4.5,,,,,,,,,
LUIS MEJIA,Panama,Goalkeeper,4.5,,,,,,,,,
ORLANDO MOSQUERA,Panama,Goalkeeper,4.5,,,,,,,,,
CARLOS CORONEL,Paraguay,Goalkeeper,4.5,,,,,,,,,
JUAN ESPINOLA,Paraguay,Goalkeeper,4.5,,,,,,,,,
ORLANDO GILL,Paraguay,Goalkeeper,4.5,,,,,,,,,
MAHMUD ABUNADA,Qatar,Goalkeeper,4.5,,,,,,,,,
MESHAAL BARSHAM,Qatar,Goalkeeper,4.5,,,,,,,,,
SALAH ZAKARIA,Qatar,Goalkeeper,4.5,,,,,,,,,
SHEHAB ELLETHY,Qatar,Goalkeeper,4.5,,,,,,,,,
ABDULRAHMAN AL-SANBI,Saudi Arabia,Goalkeeper,4.5,,,,,,,,,
MOHAMMED AL-RUBAIE,Saudi Arabia,Goalkeeper,4.5,,,,,,,,,
NAWAF AL-AQIDI,Saudi Arabia,Goalkeeper,4.5,,,,,,,,,
RAGHED AL-NAJJAR,Saudi Arabia,Goalkeeper,4.5,,,,,,,,,
LIAM KELLY,Scotland,Goalkeeper,4.5,,,,,,,,,
MORY DIAW,Senegal,Goalkeeper,4.5,,,,,,,,,
YEHVANN DIOUF,Senegal,Goalkeeper,4.5,,,,,,,,,
RICARDO GOSS,South Africa,Goalkeeper,4.5,,,,,,,,,
SIPHO CHAINE,South Africa,Goalkeeper,4.5,,,,,,,,,
JO HYEON-WOO,South Korea,Goalkeeper,4.5,,,,,,,,,
SONG BUM-KEUN,South Korea,Goalkeeper,4.5,,,,,,,,,
MARVIN KELLER,Switzerland,Goalkeeper,4.5,,,,,,,,,
PASCAL LORETZ,Switzerland,Goalkeeper,4.5,,,,,,,,,
MOUHIB CHAMAKH,Tunisia,Goalkeeper,4.5,,,,,,,,,
SABRI BEN HESSEN,Tunisia,Goalkeeper,4.5,,,,,,,,,
MUHAMMED SENGEZER,Turkey,Goalkeeper,4.5,,,,,,,,,
CHRIS BRADY,USA,Goalkeeper,4.5,,,,,,,,,
PATRICK SCHULTE,USA,Goalkeeper,4.5,,,,,,,,,
ABDUVOHID NEMATOV,Uzbekistan,Goalkeeper,4.5,,,,,,,,,
BOTIRALI ERGASHEV,Uzbekistan,Goalkeeper,4.5,,,,,,,,,
UTKIR YUSUPOV,Uzbekistan,Goalkeeper,4.5,,,,,,,,,
AHMED TOUBA,Algeria,Defender,4.5,,,,,,,,,
JAOUEN HADJAM,Algeria,Defender,4.5,,,,,,,,,
KEVIN VAN DEN KERKHOF,Algeria,Defender,4.5,,,,,,,,,
MEHDI DORVAL,Algeria,Defender,4.5,,,,,,,,,
MOHAMED AMINE TOUGAI,Algeria,Defender,4.5,,,,,,,,,
RAFIK BELGHALI,Algeria,Defender,4.5,,,,,,,,,
SAMIR CHERGUI,Algeria,Defender,4.5,,,,,,,,,
YOUCEF ATAL,Algeria,Defender,4.5,,,,,,,,,
ZINEDDINE BELAID,Algeria,Defender,4.5,,,,,,,,,
ALESSANDRO CIRCATI,Australia,Defender,4.5,,,,,,,,,
CAMERON BURGESS,Australia,Defender,4.5,,,,,,,,,
JACOB ITALIANO,Australia,Defender,4.5,,,,,,,,,
JASON GERIA,Australia,Defender,4.5,,,,,,,,,
KAI TREWIN,Australia,Defender,4.5,,,,,,,,,
KYE ROWLES,Australia,Defender,4.5,,,,,,,,,
LEWIS MILLER,Australia,Defender,4.5,,,,,,,,,
LUCAS HERRINGTON,Australia,Defender,4.5,,,,,,,,,
ALEXANDER PRASS,Austria,Defender,4.5,,,,,,,,,
DAVID AFFENGRUBER,Austria,Defender,4.5,,,,,,,,,
MARCO FRIEDL,Austria,Defender,4.5,,,,,,,,,
MICHAEL SVOBODA,Austria,Defender,4.5,,,,,,,,,
PHILIPP LIENHART,Austria,Defender,4.5,,,,,,,,,
DENNIS HADZIKADUNIC,Bosnia-Herzegovina,Defender,4.5,,,,,,,,,
NIDAL CELIK,Bosnia-Herzegovina,Defender,4.5,,,,,,,,,
NIHAD MUJAKIC,Bosnia-Herzegovina,Defender,4.5,,,,,,,,,
STJEPAN RADELJIC,Bosnia-Herzegovina,Defender,4.5,,,,,,,,,
TARIK MUHAREMOVIC,Bosnia-Herzegovina,Defender,4.5,,,,,,,,,
JAHKEELE MARSHALL-RUTTY,Canada,Defender,4.5,,,,,,,,,
JOEL WATERMAN,Canada,Defender,4.5,,,,,,,,,
LUC DE FOUGEROLLES,Canada,Defender,4.5,,,,,,,,,
MOISE BOMBITO,Canada,Defender,4.5,,,,,,,,,
NIKO SIGUR,Canada,Defender,4.5,,,,,,,,,
RALPH PRISO,Canada,Defender,4.5,,,,,,,,,
ZORHAN BASSONG,Canada,Defender,4.5,,,,,,,,,
DINEY,Cape Verde,Defender,4.5,,,,,,,,,
JOAO PAULO,Cape Verde,Defender,4.5,,,,,,,,,
KELVIN PIRES,Cape Verde,Defender,4.5,,,,,,,,,
LOGAN COSTA,Cape Verde,Defender,4.5,,,,,,,,,
ROBERTO LOPES,Cape Verde,Defender,4.5,,,,,,,,,
SIDNY LOPES CABRAL,Cape Verde,Defender,4.5,,,,,,,,,
STEVEN MOREIRA,Cape Verde,Defender,4.5,,,,,,,,,
STOPIRA,Cape Verde,Defender,4.5,,,,,,,,,
WAGNER PINA,Cape Verde,Defender,4.5,,,,,,,,,
ANDRES ROMAN,Colombia,Defender,4.5,,,,,,,,,
WILLER DITTA,Colombia,Defender,4.5,,,,,,,,,
ARMANDO OBISPO,Curacao,Defender,4.5,,,,,,,,,
DEVERON FONVILLE,Curacao,Defender,4.5,,,,,,,,,
JOSHUA BRENET,Curacao,Defender,4.5,,,,,,,,,
JURIEN GAARI,Curacao,Defender,4.5,,,,,,,,,
RIECHEDLY BAZOER,Curacao,Defender,4.5,,,,,,,,,
ROSHON VAN EIJMA,Curacao,Defender,4.5,,,,,,,,,
SHEREL FLORANUS,Curacao,Defender,4.5,,,,,,,,,
SHURANDY SAMBO,Curacao,Defender,4.5,,,,,,,,,
DAVID DOUDERA,Czech Republic,Defender,4.5,,,,,,,,,
DAVID JURASEK,Czech Republic,Defender,4.5,,,,,,,,,
DAVID ZIMA,Czech Republic,Defender,4.5,,,,,,,,,
JAROSLAV ZELENY,Czech Republic,Defender,4.5,,,,,,,,,
MARTIN VITIK,Czech Republic,Defender,4.5,,,,,,,,,
STEPAN CHALOUPEK,Czech Republic,Defender,4.5,,,,,,,,,
VACLAV JEMELKA,Czech Republic,Defender,4.5,,,,,,,,,
DYLAN BATUBINSIKA,DR Congo,Defender,4.5,,,,,,,,,
GEDEON KALULU,DR Congo,Defender,4.5,,,,,,,,,
JORIS KAYEMBE,DR Congo,Defender,4.5,,,,,,,,,
ROCKY BUSHIRI,DR Congo,Defender,4.5,,,,,,,,,
STEVE KAPUADI,DR Congo,Defender,4.5,,,,,,,,,
CRISTIAN RAMIREZ,Ecuador,Defender,4.5,,,,,,,,,
JHOANNER CHAVEZ,Ecuador,Defender,4.5,,,,,,,,,
JOEL ORDONEZ,Ecuador,Defender,4.5,,,,,,,,,
LEONARDO REALPE,Ecuador,Defender,4.5,,,,,,,,,
XAVIER ARREAGA,Ecuador,Defender,4.5,,,,,,,,,
AHMED ABOU EL FOTOUH,Egypt,Defender,4.5,,,,,,,,,
AHMED EID,Egypt,Defender,4.5,,,,,,,,,
AHMED NABIL KOKA,Egypt,Defender,4.5,,,,,,,,,
HOSSAM ABDELMAGUID,Egypt,Defender,4.5,,,,,,,,,
KHALED SOBHI,Egypt,Defender,4.5,,,,,,,,,
MOHAMED ABDELMONEM,Egypt,Defender,4.5,,,,,,,,,
MOHAMED HAMDY,Egypt,Defender,4.5,,,,,,,,,
MOHAMED ISMAIL,Egypt,Defender,4.5,,,,,,,,,
ALIDU SEIDU,Ghana,Defender,4.5,,,,,,,,,
DERRICK KOHN,Ghana,Defender,4.5,,,,,,,,,
DERRICK LUCKASSEN,Ghana,Defender,4.5,,,,,,,,,
JEROME OPOKU,Ghana,Defender,4.5,,,,,,,,,
JONAS ADJETEY,Ghana,Defender,4.5,,,,,,,,,
KOJO PEPRAH OPPONG,Ghana,Defender,4.5,,,,,,,,,
MARVIN SENAYA,Ghana,Defender,4.5,,,,,,,,,
PATRIC PFEIFFER,Ghana,Defender,4.5,,,,,,,,,
CARLENS ARCUS,Haiti,Defender,4.5,,,,,,,,,
DUKE LACROIX,Haiti,Defender,4.5,,,,,,,,,
HANNES DELCROIX,Haiti,Defender,4.5,,,,,,,,,
JEAN-KEVIN DUVERNE,Haiti,Defender,4.5,,,,,,,,,
KEETO THERMONCY,Haiti,Defender,4.5,,,,,,,,,
MARTIN EXPERIENCE,Haiti,Defender,4.5,,,,,,,,,
RICARDO ADE,Haiti,Defender,4.5,,,,,,,,,
WILGUENS PAUGAIN,Haiti,Defender,4.5,,,,,,,,,
ABOLFAZL JALALI,Iran,Defender,4.5,,,,,,,,,
ALI NEMATI,Iran,Defender,4.5,,,,,,,,,
AREF AGHASI,Iran,Defender,4.5,,,,,,,,,
ARIA YOUSEFI,Iran,Defender,4.5,,,,,,,,,
DANIAL ESMAEILIFAR,Iran,Defender,4.5,,,,,,,,,
HOSSEIN ABARGHOUEI,Iran,Defender,4.5,,,,,,,,,
HOSSEIN KANAANIZADEGAN,Iran,Defender,4.5,,,,,,,,,
MAJID HOSSEINI,Iran,Defender,4.5,,,,,,,,,
MILAD MOHAMMADI,Iran,Defender,4.5,,,,,,,,,
RAMIN REZAEIAN,Iran,Defender,4.5,,,,,,,,,
SALEH HARDANI,Iran,Defender,4.5,,,,,,,,,
SAMAN FALLAH,Iran,Defender,4.5,,,,,,,,,
SHOJAE KHALILZADEH,Iran,Defender,4.5,,,,,,,,,
AHMED MAKNZI,Iraq,Defender,4.5,,,,,,,,,
AKAM HASHIM,Iraq,Defender,4.5,,,,,,,,,
FRANS PUTROS,Iraq,Defender,4.5,,,,,,,,,
HUSSEIN ALI,Iraq,Defender,4.5,,,,,,,,,
MANAF YOUNIS,Iraq,Defender,4.5,,,,,,,,,
MERCHAS DOSKI,Iraq,Defender,4.5,,,,,,,,,
REBIN SULAKA,Iraq,Defender,4.5,,,,,,,,,
SAAD NATIQ,Iraq,Defender,4.5,,,,,,,,,
ZAID TAHSEEN,Iraq,Defender,4.5,,,,,,,,,
CLEMENT AKPA,Ivory Coast,Defender,4.5,,,,,,,,,
EMMANUEL AGBADOU,Ivory Coast,Defender,4.5,,,,,,,,,
OUSMANE DIOMANDE,Ivory Coast,Defender,4.5,,,,,,,,,
WILFRIEND SINGO,Ivory Coast,Defender,4.5,,,,,,,,,
AYUMU SEKO,Japan,Defender,4.5,,,,,,,,,
JUNNOSUKE SUZUKI,Japan,Defender,4.5,,,,,,,,,
YUTO NAGATOMO,Japan,Defender,4.5,,,,,,,,,
ABDALLAH NASIB,Jordan,Defender,4.5,,,,,,,,,
AHMAD ASSAF,Jordan,Defender,4.5,,,,,,,,,
ANAS BADAWI,Jordan,Defender,4.5,,,,,,,,,
HUSAM ABU DAHAB,Jordan,Defender,4.5,,,,,,,,,
IHSAN HADDAD,Jordan,Defender,4.5,,,,,,,,,
MOHAMMAD ABUALNADI,Jordan,Defender,4.5,,,,,,,,,
MOHAMMAD TAHA,Jordan,Defender,4.5,,,,,,,,,
SAED AL-ROSAN,Jordan,Defender,4.5,,,,,,,,,
SALIM OBAID,Jordan,Defender,4.5,,,,,,,,,
YAZAN AL-ARAB,Jordan,Defender,4.5,,,,,,,,,
YOUSEF ABU AL-JAZAR,Jordan,Defender,4.5,,,,,,,,,
EVERARDO LOPEZ,Mexico,Defender,4.5,,,,,,,,,
JESUS ALBERTO ANGULO,Mexico,Defender,4.5,,,,,,,,,
JULIAN ARAUJO,Mexico,Defender,4.5,,,,,,,,,
VICTOR GUZMAN,Mexico,Defender,4.5,,,,,,,,,
ABDELHAMID AIT BOUDLAL,Morocco,Defender,4.5,,,,,,,,,
ADAM MASINA,Morocco,Defender,4.5,,,,,,,,,
ANASS SALAH-EDDINE,Morocco,Defender,4.5,,,,,,,,,
JAWAD EL YAMIQ,Morocco,Defender,4.5,,,,,,,,,
MOHAMED CHIBI,Morocco,Defender,4.5,,,,,,,,,
OMAR EL HILALI,Morocco,Defender,4.5,,,,,,,,,
SOUFFIAN EL KAROUANI,Morocco,Defender,4.5,,,,,,,,,
YOUSSEF BELAMMARI,Morocco,Defender,4.5,,,,,,,,,
CALLAN ELLIOT,New Zealand,Defender,4.5,,,,,,,,,
FINN SURMAN,New Zealand,Defender,4.5,,,,,,,,,
FRANCIS DE VRIES,New Zealand,Defender,4.5,,,,,,,,,
LIBERATO CACACE,New Zealand,Defender,4.5,,,,,,,,,
MICHAEL BOXALL,New Zealand,Defender,4.5,,,,,,,,,
NANDO PIJNAKER,New Zealand,Defender,4.5,,,,,,,,,
TIM PAYNE,New Zealand,Defender,4.5,,,,,,,,,
TOMMY SMITH,New Zealand,Defender,4.5,,,,,,,,,
TYLER BINDON,New Zealand,Defender,4.5,,,,,,,,,
ANDREAS HANCHE-OLSEN,Norway,Defender,4.5,,,,,,,,,
EIVIND HELLAND,Norway,Defender,4.5,,,,,,,,,
HENRIK FALCHENER,Norway,Defender,4.5,,,,,,,,,
ODIN BJORTUFT,Norway,Defender,4.5,,,,,,,,,
SEBASTIAN SEBULONSEN,Norway,Defender,4.5,,,,,,,,,
SONDRE LANGAS,Norway,Defender,4.5,,,,,,,,,
ANDRES ANDRADE,Panama,Defender,4.5,,,,,,,,,
CESAR BLACKMAN,Panama,Defender,4.5,,,,,,,,,
ERIC DAVIS,Panama,Defender,4.5,,,,,,,,,
JIOVANY RAMOS,Panama,Defender,4.5,,,,,,,,,
JORGE GUTIERREZ,Panama,Defender,4.5,,,,,,,,,
JOSE CORDOBA,Panama,Defender,4.5,,,,,,,,,
MARTIN KRUG,Panama,Defender,4.5,,,,,,,,,
OMAR CORDOBA,Panama,Defender,4.5,,,,,,,,,
RICHARD PERALTA,Panama,Defender,4.5,,,,,,,,,
RODERICK MILLER,Panama,Defender,4.5,,,,,,,,,
AGUSTIN SANDEZ,Paraguay,Defender,4.5,,,,,,,,,
ALAN BENITEZ,Paraguay,Defender,4.5,,,,,,,,,
ALEXIS DUARTE,Paraguay,Defender,4.5,,,,,,,,,
BLAS RIVEROS,Paraguay,Defender,4.5,,,,,,,,,
FABIAN BALBUENA,Paraguay,Defender,4.5,,,,,,,,,
GUSTAVO VELAZQUEZ,Paraguay,Defender,4.5,,,,,,,,,
AL-HASHMI AL-HUSSAIN,Qatar,Defender,4.5,,,,,,,,,
AYOUB AL-OUI,Qatar,Defender,4.5,,,,,,,,,
BASSAM AL-RAWI,Qatar,Defender,4.5,,,,,,,,,
BOUALEM KHOUKHI,Qatar,Defender,4.5,,,,,,,,,
EISA PALANGI,Qatar,Defender,4.5,,,,,,,,,
HOMAM AHMED,Qatar,Defender,4.5,,,,,,,,,
ISSA LAYE,Qatar,Defender,4.5,,,,,,,,,
LUCAS MENDES,Qatar,Defender,4.5,,,,,,,,,
MARWAN SHERIF,Qatar,Defender,4.5,,,,,,,,,
NIALL MASON,Qatar,Defender,4.5,,,,,,,,,
PEDRO MIGUEL,Qatar,Defender,4.5,,,,,,,,,
TAREK SALMAN,Qatar,Defender,4.5,,,,,,,,,
ABDULELAH AL-AMRI,Saudi Arabia,Defender,4.5,,,,,,,,,
ALI MAJRASHI,Saudi Arabia,Defender,4.5,,,,,,,,,
HASSAN AL-TAMBAKTI,Saudi Arabia,Defender,4.5,,,,,,,,,
JEHAD THAKRI,Saudi Arabia,Defender,4.5,,,,,,,,,
MOHAMMED ABU AL-SHAMAT,Saudi Arabia,Defender,4.5,,,,,,,,,
MOHAMMED SULAIMAN,Saudi Arabia,Defender,4.5,,,,,,,,,
MOTEB AL-HARBI,Saudi Arabia,Defender,4.5,,,,,,,,,
NAWAF BOUSHAL,Saudi Arabia,Defender,4.5,,,,,,,,,
SAAD AL-MOUSA,Saudi Arabia,Defender,4.5,,,,,,,,,
SAUD ABDULHAMID,Saudi Arabia,Defender,4.5,,,,,,,,,
WALEED AL-AHMED,Saudi Arabia,Defender,4.5,,,,,,,,,
ANTHONY RALSTON,Scotland,Defender,4.5,,,,,,,,,
DOMINIC HYAM,Scotland,Defender,4.5,,,,,,,,,
JACK HENDRY,Scotland,Defender,4.5,,,,,,,,,
NATHAN PATTERSON,Scotland,Defender,4.5,,,,,,,,,
SCOTT MCKENNA,Scotland,Defender,4.5,,,,,,,,,
ABDOU DIALLO,Senegal,Defender,4.5,,,,,,,,,
ABDOULAYE SECK,Senegal,Defender,4.5,,,,,,,,,
ANTOINE MENDY,Senegal,Defender,4.5,,,,,,,,,
ILAY CAMARA,Senegal,Defender,4.5,,,,,,,,,
ISMAIL JAKOBS,Senegal,Defender,4.5,,,,,,,,,
MAMADOU SARR,Senegal,Defender,4.5,,,,,,,,,
MOUSTAPHA MBOW,Senegal,Defender,4.5,,,,,,,,,
IME OKON,South Africa,Defender,4.5,,,,,,,,,
KHULUMANI NDAMANE,South Africa,Defender,4.5,,,,,,,,,
MBEKEZELI MBOKAZI,South Africa,Defender,4.5,,,,,,,,,
SAMUKELE KABINI,South Africa,Defender,4.5,,,,,,,,,
SIYABONGA NGEZANA,South Africa,Defender,4.5,,,,,,,,,
THABANG MATULUDI,South Africa,Defender,4.5,,,,,,,,,
THABO MOLOISANE,South Africa,Defender,4.5,,,,,,,,,
THAPELO MORENA,South Africa,Defender,4.5,,,,,,,,,
TYLON SMITH,South Africa,Defender,4.5,,,,,,,,,
CHO YU-MIN,South Korea,Defender,4.5,,,,,,,,,
KIM TAE-HYEON,South Korea,Defender,4.5,,,,,,,,,
LEE HAN-BEOM,South Korea,Defender,4.5,,,,,,,,,
LEE KI-HYUK,South Korea,Defender,4.5,,,,,,,,,
LEE TAE-SEOK,South Korea,Defender,4.5,,,,,,,,,
PARK JIN-SEOB,South Korea,Defender,4.5,,,,,,,,,
ELLIOT STROUD,Sweden,Defender,4.5,,,,,,,,,
EMIL HOLM,Sweden,Defender,4.5,,,,,,,,,
ERIC SMITH,Sweden,Defender,4.5,,,,,,,,,
HJALMAR EKDAL,Sweden,Defender,4.5,,,,,,,,,
ISAK HIEK,Sweden,Defender,4.5,,,,,,,,,
ADRIAN BAJRAMI,Switzerland,Defender,4.5,,,,,,,,,
AURELE AMENDA,Switzerland,Defender,4.5,,,,,,,,,
BECIR OMERAGIC,Switzerland,Defender,4.5,,,,,,,,,
ISAAC SCHMIDT,Switzerland,Defender,4.5,,,,,,,,,
LUCA JAQUEZ,Switzerland,Defender,4.5,,,,,,,,,
ZACHARY ATHEKAME,Switzerland,Defender,4.5,,,,,,,,,
ADEM AROUS,Tunisia,Defender,4.5,,,,,,,,,
MOHAMED AMINE BEN HAMIDA,Tunisia,Defender,4.5,,,,,,,,,
MOUTAZ NEFFATI,Tunisia,Defender,4.5,,,,,,,,,
OMAR REKIK,Tunisia,Defender,4.5,,,,,,,,,
RAED CHIKHAOUI,Tunisia,Defender,4.5,,,,,,,,,
AHMETCAN KAPLAN,Turkey,Defender,4.5,,,,,,,,,
EREN ELMALI,Turkey,Defender,4.5,,,,,,,,,
MUSTAFA ESKIHELLAC,Turkey,Defender,4.5,,,,,,,,,
SAMET AKAYDIN,Turkey,Defender,4.5,,,,,,,,,
JOAQUIN PIQUEREZ,Uruguay,Defender,4.5,,,,,,,,,
JOSE LUIS RODRIGUEZ,Uruguay,Defender,4.5,,,,,,,,,
KEVIN AMARO,Uruguay,Defender,4.5,,,,,,,,,
MARCELO SARACCHI,Uruguay,Defender,4.5,,,,,,,,,
NICOLAS MARICHAL,Uruguay,Defender,4.5,,,,,,,,,
SANTIAGO BUENO,Uruguay,Defender,4.5,,,,,,,,,
ALEX FREEMAN,USA,Defender,4.5,,,,,,,,,
AUSTON TRUSTY,USA,Defender,4.5,,,,,,,,,
CAMERON CARTER-VICKERS,USA,Defender,4.5,,,,,,,,,
JOE SCALLY,USA,Defender,4.5,,,,,,,,,
JOHN TOLKIN,USA,Defender,4.5,,,,,,,,,
MARK MCKENZIE,USA,Defender,4.5,,,,,,,,,
MAXIMILIAN ARFSTEN,USA,Defender,4.5,,,,,,,,,
MILES ROBINSON,USA,Defender,4.5,,,,,,,,,
ABDULLA ABDULLAEV,Uzbekistan,Defender,4.5,,,,,,,,,
BEKHRUZ KARIMOV,Uzbekistan,Defender,4.5,,,,,,,,,
FARRUKH SAYFIEV,Uzbekistan,Defender,4.5,,,,,,,,,
HUSNIDDIN ALIQULOV,Uzbekistan,Defender,4.5,,,,,,,,,
JAKHONGIR UROZOV,Uzbekistan,Defender,4.5,,,,,,,,,
KHOJIAKBAR ALIJONOV,Uzbekistan,Defender,4.5,,,,,,,,,
MUKHAMMADKODIR KHAMRALIEV,Uzbekistan,Defender,4.5,,,,,,,,,
MUKHAMMADRASUL ABDUMAZHIDOV,Uzbekistan,Defender,4.5,,,,,,,,,
RUSTAM ASHURMATOV,Uzbekistan,Defender,4.5,,,,,,,,,
SHERZOD NASRULLAEV,Uzbekistan,Defender,4.5,,,,,,,,,
UMAR ESHMURODOV,Uzbekistan,Defender,4.5,,,,,,,,,
ADEM ZORGANE,Algeria,Midfielder,4.5,,,,,,,,,
ADIL BOULBINA,Algeria,Midfielder,4.5,,,,,,,,,
BADREDINE BOUANANI,Algeria,Midfielder,4.5,,,,,,,,,
HICHAM BOUDAOUI,Algeria,Midfielder,4.5,,,,,,,,,
HIMAD ABDELLI,Algeria,Midfielder,4.5,,,,,,,,,
ILAN KEBBAL,Algeria,Midfielder,4.5,,,,,,,,,
ISMAEL BENNACER,Algeria,Midfielder,4.5,,,,,,,,,
NABIL BENTALEB,Algeria,Midfielder,4.5,,,,,,,,,
RAMIZ ZERROUKI,Algeria,Midfielder,4.5,,,,,,,,,
YACINE TITRAOUI,Algeria,Midfielder,4.5,,,,,,,,,
YASSINE BENZIA,Algeria,Midfielder,4.5,,,,,,,,,
YOUCEF BELAILI,Algeria,Midfielder,4.5,,,,,,,,,
AIDEN O'NEILL,Australia,Midfielder,4.5,,,,,,,,,
ALEX ROBERTSON,Australia,Midfielder,4.5,,,,,,,,,
CAMERON DEVLIN,Australia,Midfielder,4.5,,,,,,,,,
CONNOR METCALFE,Australia,Midfielder,4.5,,,,,,,,,
CRAIG GOODWIN,Australia,Midfielder,4.5,,,,,,,,,
MAX BALARD,Australia,Midfielder,4.5,,,,,,,,,
PATRICK YAZBEK,Australia,Midfielder,4.5,,,,,,,,,
PAUL OKON-ENGSTLER,Australia,Midfielder,4.5,,,,,,,,,
ALESSANDRO SCHOPF,Austria,Midfielder,4.5,,,,,,,,,
FLORIAN GRILLITSCH,Austria,Midfielder,4.5,,,,,,,,,
PATRICK WIMMER,Austria,Midfielder,4.5,,,,,,,,,
PAUL WANNER,Austria,Midfielder,4.5,,,,,,,,,
AMAR MEMIC,Bosnia-Herzegovina,Midfielder,4.5,,,,,,,,,
AMIR HADZIAHMETOVIC,Bosnia-Herzegovina,Midfielder,4.5,,,,,,,,,
ARMIN GIGOVIC,Bosnia-Herzegovina,Midfielder,4.5,,,,,,,,,
DZENIS BURNIC,Bosnia-Herzegovina,Midfielder,4.5,,,,,,,,,
ERMIN MAHMIC,Bosnia-Herzegovina,Midfielder,4.5,,,,,,,,,
IVAN BASIC,Bosnia-Herzegovina,Midfielder,4.5,,,,,,,,,
IVAN SUNJIC,Bosnia-Herzegovina,Midfielder,4.5,,,,,,,,,
ALI AHMED,Canada,Midfielder,4.5,,,,,,,,,
JACOB SHAFFELBURG,Canada,Midfielder,4.5,,,,,,,,,
LIAM MILLAR,Canada,Midfielder,4.5,,,,,,,,,
MARCELO FLORES,Canada,Midfielder,4.5,,,,,,,,,
MATHIEU CHOINIERE,Canada,Midfielder,4.5,,,,,,,,,
NATHAN SALIBA,Canada,Midfielder,4.5,,,,,,,,,
STEPHEN ESTAQUIO,Canada,Midfielder,4.5,,,,,,,,,
DEROY DUARTE,Cape Verde,Midfielder,4.5,,,,,,,,,
HELIO VARELA,Cape Verde,Midfielder,4.5,,,,,,,,,
JAMIRO MONTEIRO,Cape Verde,Midfielder,4.5,,,,,,,,,
JOVANE CABRAL,Cape Verde,Midfielder,4.5,,,,,,,,,
KEVIN PINA,Cape Verde,Midfielder,4.5,,,,,,,,,
LAROS DUARTE,Cape Verde,Midfielder,4.5,,,,,,,,,
TELMO ARCANJO,Cape Verde,Midfielder,4.5,,,,,,,,,
WILLY SEMEDO,Cape Verde,Midfielder,4.5,,,,,,,,,
YANNICK SEMEDO,Cape Verde,Midfielder,4.5,,,,,,,,,
GUSTAVO PUERTA,Colombia,Midfielder,4.5,,,,,,,,,
JOHAN CARBONERO,Colombia,Midfielder,4.5,,,,,,,,,
JUAN PORTILLA,Colombia,Midfielder,4.5,,,,,,,,,
KEVIN SERNA,Colombia,Midfielder,4.5,,,,,,,,,
NIKOLA MORO,Croatia,Midfielder,4.5,,,,,,,,,
TONI FRUK,Croatia,Midfielder,4.5,,,,,,,,,
AR'JANY MARTHA,Curacao,Midfielder,4.5,,,,,,,,,
BRANDLEY KUWAS,Curacao,Midfielder,4.5,,,,,,,,,
GODFRIED ROEMERATOE,Curacao,Midfielder,4.5,,,,,,,,,
JEREMY ANTONISSE,Curacao,Midfielder,4.5,,,,,,,,,
KENJI GORRE,Curacao,Midfielder,4.5,,,,,,,,,
KEVIN FELIDA,Curacao,Midfielder,4.5,,,,,,,,,
LIVANO COMENENCIA,Curacao,Midfielder,4.5,,,,,,,,,
SONTJE HANSEN,Curacao,Midfielder,4.5,,,,,,,,,
TAHITH CHONG,Curacao,Midfielder,4.5,,,,,,,,,
TYRESE NOSLIN,Curacao,Midfielder,4.5,,,,,,,,,
ADAM KARABEC,Czech Republic,Midfielder,4.5,,,,,,,,,
DENIS VISINSKY,Czech Republic,Midfielder,4.5,,,,,,,,,
LUKAS CERV,Czech Republic,Midfielder,4.5,,,,,,,,,
MICHAL SADILEK,Czech Republic,Midfielder,4.5,,,,,,,,,
PAVEL BUCHA,Czech Republic,Midfielder,4.5,,,,,,,,,
TOMAS LADRA,Czech Republic,Midfielder,4.5,,,,,,,,,
BRIAN CIPENGA,DR Congo,Midfielder,4.5,,,,,,,,,
CHARLES PICKEL,DR Congo,Midfielder,4.5,,,,,,,,,
EDO KAYEMBE,DR Congo,Midfielder,4.5,,,,,,,,,
GAEL KAKUTA,DR Congo,Midfielder,4.5,,,,,,,,,
NATHANAEL MBUKU,DR Congo,Midfielder,4.5,,,,,,,,,
NGAL'AYEL MUKAU,DR Congo,Midfielder,4.5,,,,,,,,,
NOAH SADIKI,DR Congo,Midfielder,4.5,,,,,,,,,
SAMUEL MOUTOUSSAMY,DR Congo,Midfielder,4.5,,,,,,,,,
ALAN MINDA,Ecuador,Midfielder,4.5,,,,,,,,,
BRYAN RAMIREZ,Ecuador,Midfielder,4.5,,,,,,,,,
DARWIN GUAGUA,Ecuador,Midfielder,4.5,,,,,,,,,
DENIL CASTILLO,Ecuador,Midfielder,4.5,,,,,,,,,
JANNER COROZO,Ecuador,Midfielder,4.5,,,,,,,,,
JHEGSON MENDEZ,Ecuador,Midfielder,4.5,,,,,,,,,
JOHN MERCADO,Ecuador,Midfielder,4.5,,,,,,,,,
JOHN YEBOAH,Ecuador,Midfielder,4.5,,,,,,,,,
JORDY ALCIVAR,Ecuador,Midfielder,4.5,,,,,,,,,
KENDRY PAEZ,Ecuador,Midfielder,4.5,,,,,,,,,
KENY ARROYO,Ecuador,Midfielder,4.5,,,,,,,,,
NILSON ANGULO,Ecuador,Midfielder,4.5,,,,,,,,,
PATRIK MERCADO,Ecuador,Midfielder,4.5,,,,,,,,,
PEDRO VITE,Ecuador,Midfielder,4.5,,,,,,,,,
YAIMAR MEDINA,Ecuador,Midfielder,4.5,,,,,,,,,
EMAM ASHOUR,Egypt,Midfielder,4.5,,,,,,,,,
IBRAHIM ADEL,Egypt,Midfielder,4.5,,,,,,,,,
MAHMOUD SABER,Egypt,Midfielder,4.5,,,,,,,,,
MOHAMED ELNENY,Egypt,Midfielder,4.5,,,,,,,,,
MOHAMED SHEHATA,Egypt,Midfielder,4.5,,,,,,,,,
MOHANAD LASHEEN,Egypt,Midfielder,4.5,,,,,,,,,
MOSTAFA FATHI,Egypt,Midfielder,4.5,,,,,,,,,
ZIZO,Egypt,Midfielder,4.5,,,,,,,,,
ABU FRANCIS,Ghana,Midfielder,4.5,,,,,,,,,
CALEB YIRENKYI,Ghana,Midfielder,4.5,,,,,,,,,
CHRISTOPHER BONSU BAAH,Ghana,Midfielder,4.5,,,,,,,,,
IBRAHIM SULEMANA,Ghana,Midfielder,4.5,,,,,,,,,
KWASI SIBO,Ghana,Midfielder,4.5,,,,,,,,,
PRINCE ADU,Ghana,Midfielder,4.5,,,,,,,,,
CARL SAINTE,Haiti,Midfielder,4.5,,,,,,,,,
DANLEY JEAN JACQUES,Haiti,Midfielder,4.5,,,,,,,,,
DERRICK ETIENNE,Haiti,Midfielder,4.5,,,,,,,,,
DOMINIQUE SIMON,Haiti,Midfielder,4.5,,,,,,,,,
JOSUE CASIMIR,Haiti,Midfielder,4.5,,,,,,,,,
LEVERTON PIERRE,Haiti,Midfielder,4.5,,,,,,,,,
WOODENSKY PIERRE,Haiti,Midfielder,4.5,,,,,,,,,
YASSIN FORTUNE,Haiti,Midfielder,4.5,,,,,,,,,
AMIRHOSSEIN HOSSEINZADEH,Iran,Midfielder,4.5,,,,,,,,,
AMIRMOHAMMAD RAZZAGHINIA,Iran,Midfielder,4.5,,,,,,,,,
HADI HABIBINEJAD,Iran,Midfielder,4.5,,,,,,,,,
MAHDI TORABI,Iran,Midfielder,4.5,,,,,,,,,
MEHDI HASHEMNEJAD,Iran,Midfielder,4.5,,,,,,,,,
MOHAMMAD GHORBANI,Iran,Midfielder,4.5,,,,,,,,,
MOHAMMAD MEHDI MOHEBI,Iran,Midfielder,4.5,,,,,,,,,
OMID NOORAFKAN,Iran,Midfielder,4.5,,,,,,,,,
ROUZBEH CHESHMI,Iran,Midfielder,4.5,,,,,,,,,
SAEID EZATOLAHI,Iran,Midfielder,4.5,,,,,,,,,
AIMAR SHER,Iraq,Midfielder,4.5,,,,,,,,,
ALI JASIM,Iraq,Midfielder,4.5,,,,,,,,,
AMIR AL-AMMARI,Iraq,Midfielder,4.5,,,,,,,,,
AMJAD ATTWAN,Iraq,Midfielder,4.5,,,,,,,,,
HASAN ABDULKAREEM,Iraq,Midfielder,4.5,,,,,,,,,
HUSSEIN ALI AL-SAEDI,Iraq,Midfielder,4.5,,,,,,,,,
IBRAHIM BAYESH,Iraq,Midfielder,4.5,,,,,,,,,
KEVIN YAKOB,Iraq,Midfielder,4.5,,,,,,,,,
MARKO FARJI,Iraq,Midfielder,4.5,,,,,,,,,
PETER GWARGIS,Iraq,Midfielder,4.5,,,,,,,,,
SHERKO KARIM,Iraq,Midfielder,4.5,,,,,,,,,
YOUSSEF AMYN,Iraq,Midfielder,4.5,,,,,,,,,
ZAID ISMAIL,Iraq,Midfielder,4.5,,,,,,,,,
ZIDANE IQBAL,Iraq,Midfielder,4.5,,,,,,,,,
BAZOUMANA TOURE,Ivory Coast,Midfielder,4.5,,,,,,,,,
CHRIST INAO OULAI,Ivory Coast,Midfielder,4.5,,,,,,,,,
JEAN MICHAEL SERI,Ivory Coast,Midfielder,4.5,,,,,,,,,
PARFAIT GUIAGON,Ivory Coast,Midfielder,4.5,,,,,,,,,
KAISHU SANO,Japan,Midfielder,4.5,,,,,,,,,
YUITO SUZUKI,Japan,Midfielder,4.5,,,,,,,,,
ALI AZAIZEH,Jordan,Midfielder,4.5,,,,,,,,,
AMER JAMOUS,Jordan,Midfielder,4.5,,,,,,,,,
IBRAHIM SA'DEH,Jordan,Midfielder,4.5,,,,,,,,,
MAHMOUD AL-MARDI,Jordan,Midfielder,4.5,,,,,,,,,
MOHAMMAD ABU HASHISH,Jordan,Midfielder,4.5,,,,,,,,,
MOHAMMAD ABU ZRAYQ,Jordan,Midfielder,4.5,,,,,,,,,
MOHAMMAD AL-DAWOUD,Jordan,Midfielder,4.5,,,,,,,,,
MOHANNAD ABU TAHA,Jordan,Midfielder,4.5,,,,,,,,,
NIZAR AL-RASHDAN,Jordan,Midfielder,4.5,,,,,,,,,
NOOR AL-RAWABDEH,Jordan,Midfielder,4.5,,,,,,,,,
RAJAEI AYED,Jordan,Midfielder,4.5,,,,,,,,,
YOUSEF QASHI,Jordan,Midfielder,4.5,,,,,,,,,
ALEXIS GUTIERREZ,Mexico,Midfielder,4.5,,,,,,,,,
ALVARO FIDALGO,Mexico,Midfielder,4.5,,,,,,,,,
BRIAN GUTIERREZ,Mexico,Midfielder,4.5,,,,,,,,,
DENZELL GARCIA,Mexico,Midfielder,4.5,,,,,,,,,
EFRAIN ALVAREZ,Mexico,Midfielder,4.5,,,,,,,,,
GILBERTO MORA,Mexico,Midfielder,4.5,,,,,,,,,
MARCEL RUIZ,Mexico,Midfielder,4.5,,,,,,,,,
OBED VARGAS,Mexico,Midfielder,4.5,,,,,,,,,
BILAL EL KHANNOUSS,Morocco,Midfielder,4.5,,,,,,,,,
CHEMSDINE TALBI,Morocco,Midfielder,4.5,,,,,,,,,
ELIESSE BEN SEGHIR,Morocco,Midfielder,4.5,,,,,,,,,
ILIAS AKHOMACH,Morocco,Midfielder,4.5,,,,,,,,,
NEIL EL AYNAOUI,Morocco,Midfielder,4.5,,,,,,,,,
OUSSAMA EL AZZOUZI,Morocco,Midfielder,4.5,,,,,,,,,
OUSSAMA TARGHALLINE,Morocco,Midfielder,4.5,,,,,,,,,
SOFIANE DIOP,Morocco,Midfielder,4.5,,,,,,,,,
SOFYAN AMRABAT,Morocco,Midfielder,4.5,,,,,,,,,
ALEX RUFER,New Zealand,Midfielder,4.5,,,,,,,,,
BEN OLD,New Zealand,Midfielder,4.5,,,,,,,,,
JOE BELL,New Zealand,Midfielder,4.5,,,,,,,,,
LACHLAN BAYLISS,New Zealand,Midfielder,4.5,,,,,,,,,
MARKO STAMENIC,New Zealand,Midfielder,4.5,,,,,,,,,
MATTHEW GARBETT,New Zealand,Midfielder,4.5,,,,,,,,,
RYAN THOMAS,New Zealand,Midfielder,4.5,,,,,,,,,
SARPREET SINGH,New Zealand,Midfielder,4.5,,,,,,,,,
KRISTIAN ARNSTAD,Norway,Midfielder,4.5,,,,,,,,,
KRISTIAN THORSTVEDT,Norway,Midfielder,4.5,,,,,,,,,
MORTEN THORSBY,Norway,Midfielder,4.5,,,,,,,,,
SVERRE NYPAN,Norway,Midfielder,4.5,,,,,,,,,
ADALBERTO CARRASQUILLA,Panama,Midfielder,4.5,,,,,,,,,
ANIBAL GODOY,Panama,Midfielder,4.5,,,,,,,,,
CARLOS HARVEY,Panama,Midfielder,4.5,,,,,,,,,
CESAR YANIS,Panama,Midfielder,4.5,,,,,,,,,
CRISTIAN MARTINEZ,Panama,Midfielder,4.5,,,,,,,,,
JOSE LUIS RODRIGUEZ,Panama,Midfielder,4.5,,,,,,,,,
JOSE MURILLO,Panama,Midfielder,4.5,,,,,,,,,
JOVANI WELCH,Panama,Midfielder,4.5,,,,,,,,,
YOEL BARCENAS,Panama,Midfielder,4.5,,,,,,,,,
ALEJANDRO ROMERO GAMARRA,Paraguay,Midfielder,4.5,,,,,,,,,
ANGEL ROMERO,Paraguay,Midfielder,4.5,,,,,,,,,
BRAIAN OJEDA,Paraguay,Midfielder,4.5,,,,,,,,,
DAMIAN BOBADILLA,Paraguay,Midfielder,4.5,,,,,,,,,
DIEGO GONZALEZ,Paraguay,Midfielder,4.5,,,,,,,,,
DIEGO LEON,Paraguay,Midfielder,4.5,,,,,,,,,
GUSTAVO CABALLERO,Paraguay,Midfielder,4.5,,,,,,,,,
HUGO CUENCA,Paraguay,Midfielder,4.5,,,,,,,,,
LUCAS ROMERO,Paraguay,Midfielder,4.5,,,,,,,,,
MATIAS GALARZA,Paraguay,Midfielder,4.5,,,,,,,,,
ABDULAZIZ HATEM,Qatar,Midfielder,4.5,,,,,,,,,
AHMED AL-GANEHI,Qatar,Midfielder,4.5,,,,,,,,,
AHMED FATHY,Qatar,Midfielder,4.5,,,,,,,,,
ANAS ABWENY,Qatar,Midfielder,4.5,,,,,,,,,
ASSIM MADIBO,Qatar,Midfielder,4.5,,,,,,,,,
EDMILSON JUNIOR,Qatar,Midfielder,4.5,,,,,,,,,
IBRAHIM AL-HASSAN,Qatar,Midfielder,4.5,,,,,,,,,
KARIM BOUDIAF,Qatar,Midfielder,4.5,,,,,,,,,
KHALID ALI SABAH,Qatar,Midfielder,4.5,,,,,,,,,
MOHAMED AL-MANNAI,Qatar,Midfielder,4.5,,,,,,,,,
MOHAMED KHALED GOUDA,Qatar,Midfielder,4.5,,,,,,,,,
MOHAMMED WAAD,Qatar,Midfielder,4.5,,,,,,,,,
MOSTAFA MESHAAL,Qatar,Midfielder,4.5,,,,,,,,,
YUSUF ABDURISAG,Qatar,Midfielder,4.5,,,,,,,,,
ABDULLAH AL-KHAIBARI,Saudi Arabia,Midfielder,4.5,,,,,,,,,
ABDULRAHMAN AL-ABOUD,Saudi Arabia,Midfielder,4.5,,,,,,,,,
AYMAN YAHYA,Saudi Arabia,Midfielder,4.5,,,,,,,,,
MARWAN AL-SAHAFI,Saudi Arabia,Midfielder,4.5,,,,,,,,,
MUHANNAD AL-SAAD,Saudi Arabia,Midfielder,4.5,,,,,,,,,
MURAD HAWSAWI,Saudi Arabia,Midfielder,4.5,,,,,,,,,
MUSAB AL-JUWAYR,Saudi Arabia,Midfielder,4.5,,,,,,,,,
NASSER AL-DAWSARI,Saudi Arabia,Midfielder,4.5,,,,,,,,,
SALEH ABU AL-SHAMAT,Saudi Arabia,Midfielder,4.5,,,,,,,,,
ZIYAD AL-JOHANI,Saudi Arabia,Midfielder,4.5,,,,,,,,,
FINDLAY CURTIS,Scotland,Midfielder,4.5,,,,,,,,,
KENNY MCLEAN,Scotland,Midfielder,4.5,,,,,,,,,
ASSANE DIAO,Senegal,Midfielder,4.5,,,,,,,,,
CHEIKH SABALY,Senegal,Midfielder,4.5,,,,,,,,,
HABIB DIARRA,Senegal,Midfielder,4.5,,,,,,,,,
LAMINE CAMARA,Senegal,Midfielder,4.5,,,,,,,,,
MAMADOU CAMARA,Senegal,Midfielder,4.5,,,,,,,,,
NAMPALYS MENDY,Senegal,Midfielder,4.5,,,,,,,,,
OUSSEYNOU NIANG,Senegal,Midfielder,4.5,,,,,,,,,
PAPE MATAR SARR,Senegal,Midfielder,4.5,,,,,,,,,
PATHE CISS,Senegal,Midfielder,4.5,,,,,,,,,
RASSOUL NDIAYE,Senegal,Midfielder,4.5,,,,,,,,,
BATHUSI AUBAAS,South Africa,Midfielder,4.5,,,,,,,,,
ELIAS MOKWANA,South Africa,Midfielder,4.5,,,,,,,,,
LUKE LE ROUX,South Africa,Midfielder,4.5,,,,,,,,,
MDUDUZI SHABALALA,South Africa,Midfielder,4.5,,,,,,,,,
MIHLALI MAYAMBELA,South Africa,Midfielder,4.5,,,,,,,,,
MOHAU NKOTA,South Africa,Midfielder,4.5,,,,,,,,,
PATRICK MASWANGANYI,South Africa,Midfielder,4.5,,,,,,,,,
RELEBOHILE MOFOKENG,South Africa,Midfielder,4.5,,,,,,,,,
SHANDRE CAMPBELL,South Africa,Midfielder,4.5,,,,,,,,,
SIPHO MBULE,South Africa,Midfielder,4.5,,,,,,,,,
SPHEPHELO SITHOLE,South Africa,Midfielder,4.5,,,,,,,,,
THALENTE MBATHA,South Africa,Midfielder,4.5,,,,,,,,,
THEMBA ZWANE,South Africa,Midfielder,4.5,,,,,,,,,
TSHEPANG MOREMI,South Africa,Midfielder,4.5,,,,,,,,,
BAE JUN-HO,South Korea,Midfielder,4.5,,,,,,,,,
EOM JI-SUNG,South Korea,Midfielder,4.5,,,,,,,,,
JENS CASTROP,South Korea,Midfielder,4.5,,,,,,,,,
KIM JIN-GYU,South Korea,Midfielder,4.5,,,,,,,,,
LEE DONG-GYEONG,South Korea,Midfielder,4.5,,,,,,,,,
PAIK SEUNG-HO,South Korea,Midfielder,4.5,,,,,,,,,
YANG HYUN-JUN,South Korea,Midfielder,4.5,,,,,,,,,
BESFORT ZENELI,Sweden,Midfielder,4.5,,,,,,,,,
KEN SEMA,Sweden,Midfielder,4.5,,,,,,,,,
MATTIAS SVANBERG,Sweden,Midfielder,4.5,,,,,,,,,
TAHA ALI,Sweden,Midfielder,4.5,,,,,,,,,
ALVYN SANCHES,Switzerland,Midfielder,4.5,,,,,,,,,
ARDON JASHARI,Switzerland,Midfielder,4.5,,,,,,,,,
DENIS ZAKARIA,Switzerland,Midfielder,4.5,,,,,,,,,
DJIBRIL SOW,Switzerland,Midfielder,4.5,,,,,,,,,
FILIP UGRINIC,Switzerland,Midfielder,4.5,,,,,,,,,
JOHAN MANZAMBI,Switzerland,Midfielder,4.5,,,,,,,,,
VINCENT SIERRO,Switzerland,Midfielder,4.5,,,,,,,,,
ANIS BEN SLIMANE,Tunisia,Midfielder,4.5,,,,,,,,,
ELIAS SAAD,Tunisia,Midfielder,4.5,,,,,,,,,
HADJ MAHMOUD,Tunisia,Midfielder,4.5,,,,,,,,,
KHALIL AYARI,Tunisia,Midfielder,4.5,,,,,,,,,
MORTADHA BEN OUANES,Tunisia,Midfielder,4.5,,,,,,,,,
RANI KHEDIRA,Tunisia,Midfielder,4.5,,,,,,,,,
SEBASTIAN TOUNEKTI,Tunisia,Midfielder,4.5,,,,,,,,,
ATAKAN KARAZOR,Turkey,Midfielder,4.5,,,,,,,,,
OKAY YOKUSLU,Turkey,Midfielder,4.5,,,,,,,,,
ORKUN KOKCU,Turkey,Midfielder,4.5,,,,,,,,,
SALIH OZCAN,Turkey,Midfielder,4.5,,,,,,,,,
YUNUS AKGUN,Turkey,Midfielder,4.5,,,,,,,,,
YUSUF SARI,Turkey,Midfielder,4.5,,,,,,,,,
EMILIANO MARTINEZ (URU),Uruguay,Midfielder,4.5,,,,,,,,,
IGNACIO LAQUINTANA,Uruguay,Midfielder,4.5,,,,,,,,,
JUAN MANUEL SANABRIA,Uruguay,Midfielder,4.5,,,,,,,,,
NICOLAS DE LA CRUZ,Uruguay,Midfielder,4.5,,,,,,,,,
NICOLAS FONSECA,Uruguay,Midfielder,4.5,,,,,,,,,
AIDAN MORRIS,USA,Midfielder,4.5,,,,,,,,,
SEBASTIAN BERHALTER,USA,Midfielder,4.5,,,,,,,,,
TANNER TESSMANN,USA,Midfielder,4.5,,,,,,,,,
AKMAL MOZGOVOY,Uzbekistan,Midfielder,4.5,,,,,,,,,
ALISHER ODILOV,Uzbekistan,Midfielder,4.5,,,,,,,,,
AZIZBEK TURGUNBOEV,Uzbekistan,Midfielder,4.5,,,,,,,,,
AZIZJON GANIEV,Uzbekistan,Midfielder,4.5,,,,,,,,,
DOSTONBEK KHAMDAMOV,Uzbekistan,Midfielder,4.5,,,,,,,,,
IBROKHIM IBRAGIMOV,Uzbekistan,Midfielder,4.5,,,,,,,,,
JAMSHID ISKANDEROV,Uzbekistan,Midfielder,4.5,,,,,,,,,
KHOJIMAT ERKINOV,Uzbekistan,Midfielder,4.5,,,,,,,,,
ODILJON HAMROBEKOV,Uzbekistan,Midfielder,4.5,,,,,,,,,
OTABEK SHUKUROV,Uzbekistan,Midfielder,4.5,,,,,,,,,
UMARALI RAKHMONALIEV,Uzbekistan,Midfielder,4.5,,,,,,,,,
